Award ID,Award Date,Recipient Name,Awarded$,Award Description,Solicitation ID,Solicitation Procedures,Competition Type,Offers Received,Contract Pricing Type,Set Aside Type,Funding Office Name,FSC,NAICS,Funding Agency,Funding Sub-Agency,Award Type,PoP Start Date,PoP End Date,Last Modified Date,generated_internal_id,effective_award_date,funding_office_code
140D0425P0016,12/20/2024,BSI INC,105301,OAS SEA PLANE TUG,140D0425Q0046,ONLY ONE SOURCE,NOT COMPETED,1,FIRM FIXED PRICE,NO SET ASIDE USED.,OFFICE OF AVIATION SERVICES (00082),1740 AIRFIELD SPECIALIZED TRUCKS AND TRAILERS,336212 TRUCK TRAILER MANUFACTURING,Department of the Interior,Departmental Offices,PURCHASE ORDER,12/20/2024,5/29/2025,12/20/2024,CONT_AWD_140D0425P0016_1406_-NONE-_-NONE-,12/20/2024,140D04
140FS125P0212,9/3/2025 0:00,"LEGACY BROTHERS, INC",28013.1,OR-SHELDON-HART-MTN-NWR COMPLEX FIRE UAS TRAILER,140FS125Q0116,SIMPLIFIED ACQUISITION,COMPETED UNDER SAP,7,FIRM FIXED PRICE,SMALL BUSINESS SET ASIDE - TOTAL,FWS PACIFIC REGIONAL OFFICE,1740 AIRFIELD SPECIALIZED TRUCKS AND TRAILERS,336212 TRUCK TRAILER MANUFACTURING,Department of the Interior,U.S. Fish and Wildlife Service,PURCHASE ORDER,9/3/2025 0:00,11/15/2025 0:00,9/3/2025,CONT_AWD_140FS125P0212_1448_-NONE-_-NONE-,9/3/2025 0:00,140FS1
47QSWC25F0052,2/20/2025,"BEAM DISTRIBUTING, INC.",2018574.6,NAVAIR AIRFIELD OPERATIONAL KITS THAILAND AND VIETNAM,47QSWC25Q0033,SUBJECT TO MULTIPLE AWARD FAIR OPPORTUNITY,FULL AND OPEN COMPETITION,6,FIRM FIXED PRICE,SMALL BUSINESS SET ASIDE - TOTAL,NAVAL AIR SYSTEMS COMMAND,1740 AIRFIELD SPECIALIZED TRUCKS AND TRAILERS,"337215 SHOWCASE, PARTITION, SHELVING, AND LOCKER MANUFACTURING",Department of Defense,Department of the Navy,DELIVERY ORDER,2/24/2025,4/1/2026,4/23/2025,CONT_AWD_47QSWC25F0052_4732_GS07F256AA_4732,2/20/2025,47QSWC
47QSWC25F0091,5/23/2025,TLD WOLLARD LLC,99343.45,BPA CALL ORDER AIRCRAFT BAGGAGE LOADER,47QSWC25Q0117,SIMPLIFIED ACQUISITION,NOT COMPETED UNDER SAP,1,FIRM FIXED PRICE,NO SET ASIDE USED.,F3QCDK AFLCMC ROZ SPT EQUIP VEH,1740 AIRFIELD SPECIALIZED TRUCKS AND TRAILERS,333922 CONVEYOR AND CONVEYING EQUIPMENT MANUFACTURING,Department of Defense,Department of the Air Force,BPA CALL,5/28/2025,11/30/2025,5/23/2025,CONT_AWD_47QSWC25F0091_4732_47QSWC20A0006_4732,5/23/2025,47QSWC
47QSWC25F0131,7/29/2025,"ATLANTIC DIVING SUPPLY, INC.",5133165.42,NAVAIR AIRFIELD OPERATIONAL KITS INDONESIA PALAU PAPUA NEW GUINEA MICRONESIA PHILIPPINES CABO VERDE,47QSWC25Q0178,SUBJECT TO MULTIPLE AWARD FAIR OPPORTUNITY,FULL AND OPEN COMPETITION,4,FIRM FIXED PRICE,SMALL BUSINESS SET ASIDE - TOTAL,NAVAL AIR SYSTEMS COMMAND,1740 AIRFIELD SPECIALIZED TRUCKS AND TRAILERS,332999 ALL OTHER MISCELLANEOUS FABRICATED METAL PRODUCT MANUFACTURING,Department of Defense,Department of the Navy,DELIVERY ORDER,7/31/2025,1/28/2027,8/4/2025,CONT_AWD_47QSWC25F0131_4732_47QSMA19D08Q1_4732,7/29/2025,47QSWC
70Z03825FD0000037,9/9/2025 0:00,AERO SPECIALTIES INC,169356.8,PURCHASE OF ONE (1) TOW TRACTOR TO CONDUCT FIRST ARTICLE TESTING FOR POSSIBLE REPLACEMENT FLEET WIDE.,,SUBJECT TO MULTIPLE AWARD FAIR OPPORTUNITY,FULL AND OPEN COMPETITION,3,FIRM FIXED PRICE,,AVIATION LOGISTICS CENTER (ALS),1740 AIRFIELD SPECIALIZED TRUCKS AND TRAILERS,336112 LIGHT TRUCK AND UTILITY VEHICLE MANUFACTURING,Department of Homeland Security,U.S. Coast Guard,DELIVERY ORDER,9/9/2025 0:00,3/18/2026 0:00,9/9/2025,CONT_AWD_70Z03825FD0000037_7008_GS30F0030X_4732,9/9/2025 0:00,70Z038
FA441825P0025,5/5/2025,BECKER TRAILERS LLC,184998,WARBOX MOBILITY TRAILER,,SIMPLIFIED ACQUISITION,COMPETED UNDER SAP,6,FIRM FIXED PRICE,SMALL BUSINESS SET ASIDE - TOTAL,437 AMXS,1740 AIRFIELD SPECIALIZED TRUCKS AND TRAILERS,336999 ALL OTHER TRANSPORTATION EQUIPMENT MANUFACTURING,Department of Defense,Department of the Air Force,PURCHASE ORDER,5/2/2025,7/1/2025,5/5/2025,CONT_AWD_FA441825P0025_9700_-NONE-_-NONE-,5/5/2025,FA4418
FA853225F0014,10/9/2024,"BONEAL, INCORPORATED",7803,"THIRD PARTY EQUIPMENT PURCHASING TO SOURCE, ACQUIRE, AND MANAGE DELIVERY OF A BROAD RANGE OF SUPPORT EQUIPMENT NATIONAL STOCK NUMBERS.",,SUBJECT TO MULTIPLE AWARD FAIR OPPORTUNITY,FULL AND OPEN COMPETITION AFTER EXCLUSION OF SOURCES,9,FIRM FIXED PRICE,,F3QCDK AFLCMC ROZ SPT EQUIP VEH,1740 AIRFIELD SPECIALIZED TRUCKS AND TRAILERS,336413 OTHER AIRCRAFT PARTS AND AUXILIARY EQUIPMENT MANUFACTURING,Department of Defense,Department of the Air Force,DELIVERY ORDER,10/9/2024,5/7/2025,4/26/2025,CONT_AWD_FA853225F0014_9700_FA851722D0012_9700,10/9/2024,FA8532
FA853225F0023,10/16/2024,F3 LOGISTICS LLC,185056,"THIRD PARTY EQUIPMENT PURCHASING TO SOURCE, ACQUIRE, AND MANAGE DELIVERY OF A BROAD RANGE OF SUPPORT EQUIPMENT NATIONAL STOCK NUMBERS.",,SUBJECT TO MULTIPLE AWARD FAIR OPPORTUNITY,FULL AND OPEN COMPETITION AFTER EXCLUSION OF SOURCES,9,FIRM FIXED PRICE,,F3QCDK AFLCMC ROZ SPT EQUIP VEH,1740 AIRFIELD SPECIALIZED TRUCKS AND TRAILERS,336413 OTHER AIRCRAFT PARTS AND AUXILIARY EQUIPMENT MANUFACTURING,Department of Defense,Department of the Air Force,DELIVERY ORDER,10/16/2024,10/31/2025,12/17/2024,CONT_AWD_FA853225F0023_9700_FA851722D0013_9700,10/16/2024,FA8532
FA853225F0030,10/22/2024,"CHEROKEE NATION AEROSPACE AND DEFENSE, L.L.C.",38556,"THIRD PARTY EQUIPMENT PURCHASING (3PEP) SERVICES REQUIREMENT TO SOURCE, ACQUIRE, AND DELIVER A BROAD RANGE OF SUPPORT EQUIPMENT OF NATIONAL STOCK NUMBERS (NSNS).",,SUBJECT TO MULTIPLE AWARD FAIR OPPORTUNITY,FULL AND OPEN COMPETITION AFTER EXCLUSION OF SOURCES,4,FIRM FIXED PRICE,,F3QCDK AFLCMC ROZ SPT EQUIP VEH,1740 AIRFIELD SPECIALIZED TRUCKS AND TRAILERS,336413 OTHER AIRCRAFT PARTS AND AUXILIARY EQUIPMENT MANUFACTURING,Department of Defense,Department of the Air Force,DELIVERY ORDER,10/22/2024,12/8/2025,10/22/2024,CONT_AWD_FA853225F0030_9700_FA851723D0002_9700,10/22/2024,FA8532
FA853225F0150,2/24/2025,ATAP INC,232463,"THIRD PARTY EQUIPMENT PURCHASING (3PEP) SERVICES REQUIREMENT TO SOURCE, ACQUIRE, AND DELIVER A BROAD RANGE OF SUPPORT EQUIPMENT OF NATIONAL STOCK NUMBERS (NSNS)",,SUBJECT TO MULTIPLE AWARD FAIR OPPORTUNITY,FULL AND OPEN COMPETITION AFTER EXCLUSION OF SOURCES,9,FIRM FIXED PRICE,,F3QCDK AFLCMC ROZ SPT EQUIP VEH,1740 AIRFIELD SPECIALIZED TRUCKS AND TRAILERS,336413 OTHER AIRCRAFT PARTS AND AUXILIARY EQUIPMENT MANUFACTURING,Department of Defense,Department of the Air Force,DELIVERY ORDER,2/24/2025,11/24/2025,2/24/2025,CONT_AWD_FA853225F0150_9700_FA851722D0009_9700,2/24/2025,FA8532
FA853225F0253,5/1/2025,ATAP INC,1686546,SOURCING AND ACQUIRING COMMON STOCK EQUIPMENT (SRC),,SUBJECT TO MULTIPLE AWARD FAIR OPPORTUNITY,FULL AND OPEN COMPETITION AFTER EXCLUSION OF SOURCES,4,FIRM FIXED PRICE,,F3QCDK AFLCMC ROZ SPT EQUIP VEH,1740 AIRFIELD SPECIALIZED TRUCKS AND TRAILERS,336413 OTHER AIRCRAFT PARTS AND AUXILIARY EQUIPMENT MANUFACTURING,Department of Defense,Department of the Air Force,DELIVERY ORDER,5/1/2025,4/30/2027,8/13/2025,CONT_AWD_FA853225F0253_9700_FA853221D0004_9700,5/1/2025,FA8532
FA853425F0021,1/6/2025,TLD AMERICA CORPORATION,723830,U-30 TOW TRACTORS,,NEGOTIATED PROPOSAL/QUOTE,FULL AND OPEN COMPETITION,,FIRM FIXED PRICE,,F3QCDK AFLCMC ROZ SPT EQUIP VEH,1740 AIRFIELD SPECIALIZED TRUCKS AND TRAILERS,"333924 INDUSTRIAL TRUCK, TRACTOR, TRAILER, AND STACKER MACHINERY MANUFACTURING",Department of Defense,Department of the Air Force,DELIVERY ORDER,1/6/2025,7/7/2025,7/28/2025,CONT_AWD_FA853425F0021_9700_FA853420D0002_9700,1/6/2025,FA8534
N6133125P0079,4/1/2025,DEVAL LIFE CYCLE SUPPORT LLC,145298.06,FRONT AND REAR ADAPTERS,,ONLY ONE SOURCE,NOT COMPETED,1,FIRM FIXED PRICE,NO SET ASIDE USED.,NAVAL SURFACE WARFARE CENTER,1740 AIRFIELD SPECIALIZED TRUCKS AND TRAILERS,336212 TRUCK TRAILER MANUFACTURING,Department of Defense,Department of the Navy,PURCHASE ORDER,4/1/2025,3/20/2026,4/1/2025,CONT_AWD_N6133125P0079_9700_-NONE-_-NONE-,4/1/2025,N61331
N6133125P0126,5/22/2025,DEVAL LIFE CYCLE SUPPORT LLC,205420.48,MHU-191 MUNITIONS TRANSPORTER,N6133125TJK24,ONLY ONE SOURCE,NOT COMPETED,1,FIRM FIXED PRICE,NO SET ASIDE USED.,NAVAL SURFACE WARFARE CENTER,1740 AIRFIELD SPECIALIZED TRUCKS AND TRAILERS,"333924 INDUSTRIAL TRUCK, TRACTOR, TRAILER, AND STACKER MACHINERY MANUFACTURING",Department of Defense,Department of the Navy,PURCHASE ORDER,5/22/2025,2/16/2026,5/22/2025,CONT_AWD_N6133125P0126_9700_-NONE-_-NONE-,5/22/2025,N61331
N6833525C0372,5/12/2025,CHOCTAW DEFENSE MANUFACTURING LLC,834750.8,TWENTY (20) MHU-230/M SMALL MUNITIONS TRAILERS,,ONLY ONE SOURCE,NOT COMPETED,1,FIRM FIXED PRICE,NO SET ASIDE USED.,NAVAIR WARFARE CTR AIRCRAFT DIV,1740 AIRFIELD SPECIALIZED TRUCKS AND TRAILERS,"333924 INDUSTRIAL TRUCK, TRACTOR, TRAILER, AND STACKER MACHINERY MANUFACTURING",Department of Defense,Department of the Navy,DEFINITIVE CONTRACT,5/12/2025,2/15/2026,5/12/2025,CONT_AWD_N6833525C0372_9700_-NONE-_-NONE-,5/12/2025,N68335
N6833525F0026,11/5/2024,"DIXEQUIP, INC.",447280,CLIN 0002 - PRODUCTION MODIFIED DIXEQUIP,N6833519R0321,ONLY ONE SOURCE,NOT AVAILABLE FOR COMPETITION,,FIRM FIXED PRICE,,NAVAIR WARFARE CTR AIRCRAFT DIV,1740 AIRFIELD SPECIALIZED TRUCKS AND TRAILERS,"333924 INDUSTRIAL TRUCK, TRACTOR, TRAILER, AND STACKER MACHINERY MANUFACTURING",Department of Defense,Department of the Navy,DELIVERY ORDER,11/5/2024,1/15/2025,7/13/2025,CONT_AWD_N6833525F0026_9700_N6833520D0005_9700,11/5/2024,N68335
N6833525P0185,4/22/2025,ATAP INC,123675,TRAILER ENGINE TRANSPORTATION,N6833525Q0138,SIMPLIFIED ACQUISITION,COMPETED UNDER SAP,5,FIRM FIXED PRICE,SMALL BUSINESS SET ASIDE - TOTAL,NAVAIR WARFARE CTR AIRCRAFT DIV,1740 AIRFIELD SPECIALIZED TRUCKS AND TRAILERS,334515 INSTRUMENT MANUFACTURING FOR MEASURING AND TESTING ELECTRICITY AND ELECTRICAL SIGNALS,Department of Defense,Department of the Navy,PURCHASE ORDER,4/11/2025,11/11/2025,4/22/2025,CONT_AWD_N6833525P0185_9700_-NONE-_-NONE-,4/22/2025,N68335
SPE4A525F4974,2/13/2025,THE BOEING COMPANY,155311.96,"8511171363!TRAILER,AIRCRAFT,TR",SPE4A524T714U,SIMPLIFIED ACQUISITION,NOT COMPETED UNDER SAP,1,FIRM FIXED PRICE,NO SET ASIDE USED.,DLA AVIATION,1740 AIRFIELD SPECIALIZED TRUCKS AND TRAILERS,336413 OTHER AIRCRAFT PARTS AND AUXILIARY EQUIPMENT MANUFACTURING,Department of Defense,Defense Logistics Agency,DELIVERY ORDER,2/13/2025,3/1/2027,2/13/2025,CONT_AWD_SPE4A525F4974_9700_SPE4A125G0011_9700,2/13/2025,SPE4A5
SPE4A525F8379,5/7/2025,SIKORSKY AIRCRAFT CORPORATION,402614.2,8511362877!BLADE RACK ASSEMBLY,SPE4A525T9327,SIMPLIFIED ACQUISITION,NOT COMPETED UNDER SAP,1,FIRM FIXED PRICE,NO SET ASIDE USED.,DLA AVIATION,1740 AIRFIELD SPECIALIZED TRUCKS AND TRAILERS,336413 OTHER AIRCRAFT PARTS AND AUXILIARY EQUIPMENT MANUFACTURING,Department of Defense,Defense Logistics Agency,DELIVERY ORDER,5/7/2025,7/15/2027,5/7/2025,CONT_AWD_SPE4A525F8379_9700_SPE4A122G0005_9700,5/7/2025,SPE4A5
SPE4A525P0434,10/9/2024,EQUIPMENT & SUPPLY INC,4940,"8510946319!RACK ASSEMBLY,TRANS",SPE4A524T6680,SIMPLIFIED ACQUISITION,NOT COMPETED UNDER SAP,1,FIRM FIXED PRICE,NO SET ASIDE USED.,DLA AVIATION,1740 AIRFIELD SPECIALIZED TRUCKS AND TRAILERS,488490 OTHER SUPPORT ACTIVITIES FOR ROAD TRANSPORTATION,Department of Defense,Defense Logistics Agency,PURCHASE ORDER,10/9/2024,11/8/2024,12/15/2024,CONT_AWD_SPE4A525P0434_9700_-NONE-_-NONE-,10/9/2024,SPE4A5
SPE4A625FAQV9,1/8/2025,SIKORSKY AIRCRAFT CORPORATION,154.02,"4566865128!RETAINER,BOLT",,ONLY ONE SOURCE,NOT COMPETED,,FIRM FIXED PRICE,,DLA AVIATION,1740 AIRFIELD SPECIALIZED TRUCKS AND TRAILERS,336411 AIRCRAFT MANUFACTURING,Department of Defense,Defense Logistics Agency,DELIVERY ORDER,1/8/2025,1/9/2025,2/14/2025,CONT_AWD_SPE4A625FAQV9_9700_SPE4A515D0018_9700,1/8/2025,SPE4A6
SPE8E925V0008,10/1/2024,"DAVIS AIRCRAFT PRODUCTS CO., INC.",6688.64,"8510930731!TIE DOWN,TANK",SPE8E924T5003,SIMPLIFIED ACQUISITION,COMPETED UNDER SAP,1,FIRM FIXED PRICE,NO SET ASIDE USED.,DLA TROOP SUPPORT,1740 AIRFIELD SPECIALIZED TRUCKS AND TRAILERS,333120 CONSTRUCTION MACHINERY MANUFACTURING,Department of Defense,Defense Logistics Agency,PURCHASE ORDER,10/1/2024,9/16/2025,4/4/2025,CONT_AWD_SPE8E925V0008_9700_-NONE-_-NONE-,10/1/2024,SPE8E9
SPE8E925V0459,11/25/2024,"PDI GROUND SUPPORT SYSTEMS, INC.",41357.5,"8511040832!PAD,ANGLED UMC",SPE8E925T0568,SIMPLIFIED ACQUISITION,COMPETED UNDER SAP,1,FIRM FIXED PRICE,NO SET ASIDE USED.,DLA TROOP SUPPORT,1740 AIRFIELD SPECIALIZED TRUCKS AND TRAILERS,333120 CONSTRUCTION MACHINERY MANUFACTURING,Department of Defense,Defense Logistics Agency,PURCHASE ORDER,11/25/2024,6/23/2025,7/19/2025,CONT_AWD_SPE8E925V0459_9700_-NONE-_-NONE-,11/25/2024,SPE8E9
SPE8E925V0460,11/25/2024,"PDI GROUND SUPPORT SYSTEMS, INC.",27144.5,"8511040871!PAD,CURVED UMC",SPE8E925T0571,SIMPLIFIED ACQUISITION,COMPETED UNDER SAP,1,FIRM FIXED PRICE,NO SET ASIDE USED.,DLA TROOP SUPPORT,1740 AIRFIELD SPECIALIZED TRUCKS AND TRAILERS,333120 CONSTRUCTION MACHINERY MANUFACTURING,Department of Defense,Defense Logistics Agency,PURCHASE ORDER,11/25/2024,6/23/2025,7/19/2025,CONT_AWD_SPE8E925V0460_9700_-NONE-_-NONE-,11/25/2024,SPE8E9
SPE8E925V1751,5/27/2025,"PDI GROUND SUPPORT SYSTEMS, INC.",12640.25,"8511405253!PAD,CURVED UMC",SPE8E925T2782,SIMPLIFIED ACQUISITION,COMPETED UNDER SAP,1,FIRM FIXED PRICE,NO SET ASIDE USED.,DLA TROOP SUPPORT,1740 AIRFIELD SPECIALIZED TRUCKS AND TRAILERS,333120 CONSTRUCTION MACHINERY MANUFACTURING,Department of Defense,Defense Logistics Agency,PURCHASE ORDER,5/27/2025,12/23/2025,7/14/2025,CONT_AWD_SPE8E925V1751_9700_-NONE-_-NONE-,5/27/2025,SPE8E9
SPE8ED25P1036,5/2/2025,"K & A SALES AND MARKETING, INC.",4130,8511357592!SURGE BRAKE ASSY,SPE8EF25T0676,SIMPLIFIED ACQUISITION,COMPETED UNDER SAP,2,FIRM FIXED PRICE,NO SET ASIDE USED.,DLA TROOP SUPPORT,1740 AIRFIELD SPECIALIZED TRUCKS AND TRAILERS,336212 TRUCK TRAILER MANUFACTURING,Department of Defense,Defense Logistics Agency,PURCHASE ORDER,5/2/2025,9/15/2025,8/26/2025,CONT_AWD_SPE8ED25P1036_9700_-NONE-_-NONE-,5/2/2025,SPE8ED
SPE8ED25P1133,5/21/2025,EDWARDS INTERNATIONAL LLC,30723.3,"8511395454!WHEEL,FRONT,AIRCRAF",SPE8EF25T0757,SIMPLIFIED ACQUISITION,COMPETED UNDER SAP,10,FIRM FIXED PRICE,SMALL BUSINESS SET ASIDE - TOTAL,DLA TROOP SUPPORT,1740 AIRFIELD SPECIALIZED TRUCKS AND TRAILERS,336390 OTHER MOTOR VEHICLE PARTS MANUFACTURING,Department of Defense,Defense Logistics Agency,PURCHASE ORDER,5/21/2025,8/22/2025,8/24/2025,CONT_AWD_SPE8ED25P1133_9700_-NONE-_-NONE-,5/21/2025,SPE8ED
SPE8ED25P1146,5/23/2025,DEVAL LIFE CYCLE SUPPORT LLC,6274.5,"8511401040!NRP,PIVOT A006",SPE8EF25T1051,SIMPLIFIED ACQUISITION,COMPETED UNDER SAP,1,FIRM FIXED PRICE,NO SET ASIDE USED.,DLA TROOP SUPPORT,1740 AIRFIELD SPECIALIZED TRUCKS AND TRAILERS,336212 TRUCK TRAILER MANUFACTURING,Department of Defense,Defense Logistics Agency,PURCHASE ORDER,5/23/2025,10/21/2025,8/18/2025,CONT_AWD_SPE8ED25P1146_9700_-NONE-_-NONE-,5/23/2025,SPE8ED
SPE8ED25V0206,12/18/2024,INTEGRATED PROCUREMENT TECHNOLOGIES,26634.86,8511087198!MUFFLER INSTL,SPE8EF25T0344,SIMPLIFIED ACQUISITION,COMPETED UNDER SAP,1,FIRM FIXED PRICE,NO SET ASIDE USED.,DLA TROOP SUPPORT,1740 AIRFIELD SPECIALIZED TRUCKS AND TRAILERS,333120 CONSTRUCTION MACHINERY MANUFACTURING,Department of Defense,Defense Logistics Agency,PURCHASE ORDER,12/18/2024,6/26/2025,7/5/2025,CONT_AWD_SPE8ED25V0206_9700_-NONE-_-NONE-,12/18/2024,SPE8ED
SPE8ED25V0207,12/18/2024,INTEGRATED PROCUREMENT TECHNOLOGIES,82960,8511087543!AIR CLNR ASSY-INTAK,SPE8EF25T0337,SIMPLIFIED ACQUISITION,COMPETED UNDER SAP,1,FIRM FIXED PRICE,NO SET ASIDE USED.,DLA TROOP SUPPORT,1740 AIRFIELD SPECIALIZED TRUCKS AND TRAILERS,336413 OTHER AIRCRAFT PARTS AND AUXILIARY EQUIPMENT MANUFACTURING,Department of Defense,Defense Logistics Agency,PURCHASE ORDER,12/18/2024,8/15/2025,7/14/2025,CONT_AWD_SPE8ED25V0207_9700_-NONE-_-NONE-,12/18/2024,SPE8ED
SPE8ED25V0334,2/13/2025,INTEGRATED PROCUREMENT TECHNOLOGIES,7028.05,"8511188290!CYLINDER,GAS,COATED",SPE8EF25T0633,SIMPLIFIED ACQUISITION,COMPETED UNDER SAP,1,FIRM FIXED PRICE,NO SET ASIDE USED.,DLA TROOP SUPPORT,1740 AIRFIELD SPECIALIZED TRUCKS AND TRAILERS,332439 OTHER METAL CONTAINER MANUFACTURING,Department of Defense,Defense Logistics Agency,PURCHASE ORDER,2/13/2025,9/11/2025,4/4/2025,CONT_AWD_SPE8ED25V0334_9700_-NONE-_-NONE-,2/13/2025,SPE8ED
SPE8ED25V0485,5/20/2025,INTEGRATED PROCUREMENT TECHNOLOGIES,3111.45,8511394374!TUBING ASSY,SPE8EF25T1114,SIMPLIFIED ACQUISITION,COMPETED UNDER SAP,1,FIRM FIXED PRICE,NO SET ASIDE USED.,DLA TROOP SUPPORT,1740 AIRFIELD SPECIALIZED TRUCKS AND TRAILERS,332439 OTHER METAL CONTAINER MANUFACTURING,Department of Defense,Defense Logistics Agency,PURCHASE ORDER,5/20/2025,10/17/2025,7/14/2025,CONT_AWD_SPE8ED25V0485_9700_-NONE-_-NONE-,5/20/2025,SPE8ED
SPE8ED25V0486,5/20/2025,SAGINAW PRODUCTS CORPORATION,5040,8511394461!TIRE,SPE8EF25T1201,SIMPLIFIED ACQUISITION,COMPETED UNDER SAP,1,FIRM FIXED PRICE,NO SET ASIDE USED.,DLA TROOP SUPPORT,1740 AIRFIELD SPECIALIZED TRUCKS AND TRAILERS,333120 CONSTRUCTION MACHINERY MANUFACTURING,Department of Defense,Defense Logistics Agency,PURCHASE ORDER,5/20/2025,8/4/2025,8/16/2025,CONT_AWD_SPE8ED25V0486_9700_-NONE-_-NONE-,5/20/2025,SPE8ED
SPE8EF25P0023,10/4/2024,S I T CORPORATION,9466.88,"8510938920!BELT,AIRCRAFT,MATER",SPE8EF24T2313,SIMPLIFIED ACQUISITION,COMPETED UNDER SAP,8,FIRM FIXED PRICE,NO SET ASIDE USED.,DLA TROOP SUPPORT,1740 AIRFIELD SPECIALIZED TRUCKS AND TRAILERS,336390 OTHER MOTOR VEHICLE PARTS MANUFACTURING,Department of Defense,Defense Logistics Agency,PURCHASE ORDER,10/4/2024,4/17/2025,4/20/2025,CONT_AWD_SPE8EF25P0023_9700_-NONE-_-NONE-,10/4/2024,SPE8EF
SPE8EF25P0029,10/16/2024,INTEGRATED PROCUREMENT TECHNOLOGIES,38512,8510954001!INTERMODUL FLANGE,SPE8EF24T2369,SIMPLIFIED ACQUISITION,COMPETED UNDER SAP,1,FIRM FIXED PRICE,SMALL BUSINESS SET ASIDE - TOTAL,DLA TROOP SUPPORT,1740 AIRFIELD SPECIALIZED TRUCKS AND TRAILERS,336390 OTHER MOTOR VEHICLE PARTS MANUFACTURING,Department of Defense,Defense Logistics Agency,PURCHASE ORDER,10/16/2024,5/14/2025,5/17/2025,CONT_AWD_SPE8EF25P0029_9700_-NONE-_-NONE-,10/16/2024,SPE8EF
SPE8EF25P0030,10/15/2024,"AERO MANUFACTURING, L.L.C",16030,"8510954093!SUPPORT,HUB,PROPELL",SPE8EF24T2050,SIMPLIFIED ACQUISITION,COMPETED UNDER SAP,2,FIRM FIXED PRICE,NO SET ASIDE USED.,DLA TROOP SUPPORT,1740 AIRFIELD SPECIALIZED TRUCKS AND TRAILERS,333120 CONSTRUCTION MACHINERY MANUFACTURING,Department of Defense,Defense Logistics Agency,PURCHASE ORDER,10/15/2024,2/27/2025,3/1/2025,CONT_AWD_SPE8EF25P0030_9700_-NONE-_-NONE-,10/15/2024,SPE8EF
SPE8EF25P0073,11/25/2024,DEVAL LIFE CYCLE SUPPORT LLC,5227.65,"8511039244!NRP,CLAMP,UPPER A00",SPE8EF25T0051,SIMPLIFIED ACQUISITION,COMPETED UNDER SAP,2,FIRM FIXED PRICE,NO SET ASIDE USED.,DLA TROOP SUPPORT,1740 AIRFIELD SPECIALIZED TRUCKS AND TRAILERS,332439 OTHER METAL CONTAINER MANUFACTURING,Department of Defense,Defense Logistics Agency,PURCHASE ORDER,11/25/2024,3/25/2025,3/29/2025,CONT_AWD_SPE8EF25P0073_9700_-NONE-_-NONE-,11/25/2024,SPE8EF
SPE8EF25P0084,12/11/2024,INNOVATIVE PACKAGING & CRATING SOLUTIONS LLC,9985,"8511067801!SKID,CONTAINER",SPE8EF25T0118,SIMPLIFIED ACQUISITION,COMPETED UNDER SAP,3,FIRM FIXED PRICE,NO SET ASIDE USED.,DLA TROOP SUPPORT,1740 AIRFIELD SPECIALIZED TRUCKS AND TRAILERS,333120 CONSTRUCTION MACHINERY MANUFACTURING,Department of Defense,Defense Logistics Agency,PURCHASE ORDER,12/11/2024,1/25/2025,3/16/2025,CONT_AWD_SPE8EF25P0084_9700_-NONE-_-NONE-,12/11/2024,SPE8EF
SPE8EF25P0087,12/11/2024,INTEGRATED PROCUREMENT TECHNOLOGIES,15404.8,8511070502!INTERMODUL FLANGE,SPE8EF25T0254,SIMPLIFIED ACQUISITION,COMPETED UNDER SAP,1,FIRM FIXED PRICE,SMALL BUSINESS SET ASIDE - TOTAL,DLA TROOP SUPPORT,1740 AIRFIELD SPECIALIZED TRUCKS AND TRAILERS,336390 OTHER MOTOR VEHICLE PARTS MANUFACTURING,Department of Defense,Defense Logistics Agency,PURCHASE ORDER,12/11/2024,7/9/2025,7/7/2025,CONT_AWD_SPE8EF25P0087_9700_-NONE-_-NONE-,12/11/2024,SPE8EF
SPE8EF25P0088,12/12/2024,"DIXIE AIR PARTS SUPPLY, INC.",1107,"8511075487!VALVE,AIR SPRING IN",SPE8EF25T0184,SIMPLIFIED ACQUISITION,COMPETED UNDER SAP,2,FIRM FIXED PRICE,NO SET ASIDE USED.,DLA TROOP SUPPORT,1740 AIRFIELD SPECIALIZED TRUCKS AND TRAILERS,333120 CONSTRUCTION MACHINERY MANUFACTURING,Department of Defense,Defense Logistics Agency,PURCHASE ORDER,12/12/2024,1/11/2025,1/12/2025,CONT_AWD_SPE8EF25P0088_9700_-NONE-_-NONE-,12/12/2024,SPE8EF
SPE8EF25P0142,3/10/2025,DEFENSE TECHNOLOGIES MANUFACTURING LLC,3500,"8511217151!ROTOR ADAPTER,AIRCR",SPE8EF25T0708,SIMPLIFIED ACQUISITION,COMPETED UNDER SAP,7,FIRM FIXED PRICE,NO SET ASIDE USED.,DLA TROOP SUPPORT,1740 AIRFIELD SPECIALIZED TRUCKS AND TRAILERS,333120 CONSTRUCTION MACHINERY MANUFACTURING,Department of Defense,Defense Logistics Agency,PURCHASE ORDER,3/10/2025,6/9/2025,6/15/2025,CONT_AWD_SPE8EF25P0142_9700_-NONE-_-NONE-,3/10/2025,SPE8EF
SPE8EF25P0155,3/14/2025,INTEGRATED PROCUREMENT TECHNOLOGIES,248572.2,8511246758!ENCLOSURE ASSY,SPE8EF25T0782,SIMPLIFIED ACQUISITION,COMPETED UNDER SAP,1,FIRM FIXED PRICE,SMALL BUSINESS SET ASIDE - TOTAL,DLA TROOP SUPPORT,1740 AIRFIELD SPECIALIZED TRUCKS AND TRAILERS,336413 OTHER AIRCRAFT PARTS AND AUXILIARY EQUIPMENT MANUFACTURING,Department of Defense,Defense Logistics Agency,PURCHASE ORDER,3/14/2025,12/9/2025,4/4/2025,CONT_AWD_SPE8EF25P0155_9700_-NONE-_-NONE-,3/14/2025,SPE8EF
SPE8EF25P0165,3/21/2025,"PDI GROUND SUPPORT SYSTEMS, INC.",38850,"8511263708!KNUCKLE ASSY,STEERI",SPE8EF25T0378,SIMPLIFIED ACQUISITION,COMPETED UNDER SAP,4,FIRM FIXED PRICE,NO SET ASIDE USED.,DLA TROOP SUPPORT,1740 AIRFIELD SPECIALIZED TRUCKS AND TRAILERS,333120 CONSTRUCTION MACHINERY MANUFACTURING,Department of Defense,Defense Logistics Agency,PURCHASE ORDER,3/21/2025,9/5/2025,4/4/2025,CONT_AWD_SPE8EF25P0165_9700_-NONE-_-NONE-,3/21/2025,SPE8EF
SPE8EF25P0172,3/26/2025,DEVAL LIFE CYCLE SUPPORT LLC,1857.02,"8511276803!BRAIDED BRAKE HOSE,",SPE8EF25T0612,SIMPLIFIED ACQUISITION,COMPETED UNDER SAP,1,FIRM FIXED PRICE,NO SET ASIDE USED.,DLA TROOP SUPPORT,1740 AIRFIELD SPECIALIZED TRUCKS AND TRAILERS,333120 CONSTRUCTION MACHINERY MANUFACTURING,Department of Defense,Defense Logistics Agency,PURCHASE ORDER,3/26/2025,8/25/2025,8/28/2025,CONT_AWD_SPE8EF25P0172_9700_-NONE-_-NONE-,3/26/2025,SPE8EF
SPE8EF25P0183,4/3/2025,DEVAL LIFE CYCLE SUPPORT LLC,82675.08,"8511295168!TOWBAR,AIRCRAFT,MAT",SPE8EF25T0941,SIMPLIFIED ACQUISITION,COMPETED UNDER SAP,1,FIRM FIXED PRICE,NO SET ASIDE USED.,DLA TROOP SUPPORT,1740 AIRFIELD SPECIALIZED TRUCKS AND TRAILERS,333120 CONSTRUCTION MACHINERY MANUFACTURING,Department of Defense,Defense Logistics Agency,PURCHASE ORDER,4/3/2025,1/28/2026,4/3/2025,CONT_AWD_SPE8EF25P0183_9700_-NONE-_-NONE-,4/3/2025,SPE8EF
SPE8EF25P0187,4/10/2025,DEVAL LIFE CYCLE SUPPORT LLC,78667.6,"8511306224!NRP,FRONT WHEEL ASS",SPE8EF25T0677,SIMPLIFIED ACQUISITION,COMPETED UNDER SAP,1,FIRM FIXED PRICE,NO SET ASIDE USED.,DLA TROOP SUPPORT,1740 AIRFIELD SPECIALIZED TRUCKS AND TRAILERS,332439 OTHER METAL CONTAINER MANUFACTURING,Department of Defense,Defense Logistics Agency,PURCHASE ORDER,4/10/2025,10/7/2025,4/10/2025,CONT_AWD_SPE8EF25P0187_9700_-NONE-_-NONE-,4/10/2025,SPE8EF
SPE8EF25P0188,4/9/2025,EQUIPMENT & SUPPLY INC,38739.04,"8511306594!ADAPTER,FRONT",SPE8EF25T0514,SIMPLIFIED ACQUISITION,COMPETED UNDER SAP,7,FIRM FIXED PRICE,SMALL BUSINESS SET ASIDE - TOTAL,DLA TROOP SUPPORT,1740 AIRFIELD SPECIALIZED TRUCKS AND TRAILERS,333120 CONSTRUCTION MACHINERY MANUFACTURING,Department of Defense,Defense Logistics Agency,PURCHASE ORDER,4/9/2025,9/26/2025,4/9/2025,CONT_AWD_SPE8EF25P0188_9700_-NONE-_-NONE-,4/9/2025,SPE8EF
SPE8EF25P0209,4/24/2025,DEVAL LIFE CYCLE SUPPORT LLC,21212.23,"8511341850!ADAPTER,DISC BRAKE,",SPE8EF25T0942,SIMPLIFIED ACQUISITION,COMPETED UNDER SAP,1,FIRM FIXED PRICE,SMALL BUSINESS SET ASIDE - TOTAL,DLA TROOP SUPPORT,1740 AIRFIELD SPECIALIZED TRUCKS AND TRAILERS,333120 CONSTRUCTION MACHINERY MANUFACTURING,Department of Defense,Defense Logistics Agency,PURCHASE ORDER,4/24/2025,12/1/2025,4/24/2025,CONT_AWD_SPE8EF25P0209_9700_-NONE-_-NONE-,4/24/2025,SPE8EF
SPE8EF25P0214,5/2/2025,EDWARDS INTERNATIONAL LLC,22967.64,"8511358412!WHEEL,REAR,AIRCRAFT",SPE8EF25T0876,SIMPLIFIED ACQUISITION,COMPETED UNDER SAP,14,FIRM FIXED PRICE,SMALL BUSINESS SET ASIDE - TOTAL,DLA TROOP SUPPORT,1740 AIRFIELD SPECIALIZED TRUCKS AND TRAILERS,336390 OTHER MOTOR VEHICLE PARTS MANUFACTURING,Department of Defense,Defense Logistics Agency,PURCHASE ORDER,5/2/2025,10/16/2025,5/2/2025,CONT_AWD_SPE8EF25P0214_9700_-NONE-_-NONE-,5/2/2025,SPE8EF
SPE8EF25V0003,10/1/2024,INTEGRATED PROCUREMENT TECHNOLOGIES,59153.88,8510930758!RADIATOR ASSY,SPE8EF24T2358,SIMPLIFIED ACQUISITION,COMPETED UNDER SAP,1,FIRM FIXED PRICE,NO SET ASIDE USED.,DLA TROOP SUPPORT,1740 AIRFIELD SPECIALIZED TRUCKS AND TRAILERS,336413 OTHER AIRCRAFT PARTS AND AUXILIARY EQUIPMENT MANUFACTURING,Department of Defense,Defense Logistics Agency,PURCHASE ORDER,10/1/2024,5/29/2025,6/7/2025,CONT_AWD_SPE8EF25V0003_9700_-NONE-_-NONE-,10/1/2024,SPE8EF
SPE8EF25V0007,10/1/2024,BESTEK INDUSTRIES INC,21376,"8510931204!SUPPORT,LEFT HAND",SPE8EF24T2343,SIMPLIFIED ACQUISITION,COMPETED UNDER SAP,2,FIRM FIXED PRICE,SMALL BUSINESS SET ASIDE - TOTAL,DLA TROOP SUPPORT,1740 AIRFIELD SPECIALIZED TRUCKS AND TRAILERS,333120 CONSTRUCTION MACHINERY MANUFACTURING,Department of Defense,Defense Logistics Agency,PURCHASE ORDER,10/1/2024,4/9/2025,4/26/2025,CONT_AWD_SPE8EF25V0007_9700_-NONE-_-NONE-,10/1/2024,SPE8EF
SPE8EF25V0010,10/1/2024,INTEGRATED PROCUREMENT TECHNOLOGIES,35465.1,"8510931598!FILTER ASSEMBLY,OIL",SPE8EF24T2352,SIMPLIFIED ACQUISITION,COMPETED UNDER SAP,1,FIRM FIXED PRICE,NO SET ASIDE USED.,DLA TROOP SUPPORT,1740 AIRFIELD SPECIALIZED TRUCKS AND TRAILERS,333998 ALL OTHER MISCELLANEOUS GENERAL PURPOSE MACHINERY MANUFACTURING,Department of Defense,Defense Logistics Agency,PURCHASE ORDER,10/1/2024,4/9/2025,4/19/2025,CONT_AWD_SPE8EF25V0010_9700_-NONE-_-NONE-,10/1/2024,SPE8EF
SPE8EF25V0020,10/7/2024,DEVAL LIFE CYCLE SUPPORT LLC,3726.84,"8510942101!LAMP ASSEMBLY,L.E.D",SPE8EF24T2094,SIMPLIFIED ACQUISITION,COMPETED UNDER SAP,1,FIRM FIXED PRICE,NO SET ASIDE USED.,DLA TROOP SUPPORT,1740 AIRFIELD SPECIALIZED TRUCKS AND TRAILERS,333120 CONSTRUCTION MACHINERY MANUFACTURING,Department of Defense,Defense Logistics Agency,PURCHASE ORDER,10/7/2024,1/5/2025,1/11/2025,CONT_AWD_SPE8EF25V0020_9700_-NONE-_-NONE-,10/7/2024,SPE8EF
SPE8EF25V0023,10/7/2024,"MCT INDUSTRIES, INC.",184809.5,"8510942829!TRAILER,GROUND HAND",SPE8EF24T2392,SIMPLIFIED ACQUISITION,COMPETED UNDER SAP,1,FIRM FIXED PRICE,NO SET ASIDE USED.,DLA TROOP SUPPORT,1740 AIRFIELD SPECIALIZED TRUCKS AND TRAILERS,488490 OTHER SUPPORT ACTIVITIES FOR ROAD TRANSPORTATION,Department of Defense,Defense Logistics Agency,PURCHASE ORDER,10/7/2024,4/20/2025,4/26/2025,CONT_AWD_SPE8EF25V0023_9700_-NONE-_-NONE-,10/7/2024,SPE8EF
SPE8EF25V0030,10/9/2024,PHOENIX TRADING INC.,5508,"8510948525!CAP,FUEL THREE INCH",SPE8EF25T0039,SIMPLIFIED ACQUISITION,COMPETED UNDER SAP,2,FIRM FIXED PRICE,NO SET ASIDE USED.,DLA TROOP SUPPORT,1740 AIRFIELD SPECIALIZED TRUCKS AND TRAILERS,336390 OTHER MOTOR VEHICLE PARTS MANUFACTURING,Department of Defense,Defense Logistics Agency,PURCHASE ORDER,10/9/2024,3/23/2025,3/29/2025,CONT_AWD_SPE8EF25V0030_9700_-NONE-_-NONE-,10/9/2024,SPE8EF
SPE8EF25V0044,10/15/2024,INTEGRATED PROCUREMENT TECHNOLOGIES,99282.48,"8510956364!TANK ASSEMBLY,OIL",SPE8EF25T0040,SIMPLIFIED ACQUISITION,COMPETED UNDER SAP,1,FIRM FIXED PRICE,NO SET ASIDE USED.,DLA TROOP SUPPORT,1740 AIRFIELD SPECIALIZED TRUCKS AND TRAILERS,336212 TRUCK TRAILER MANUFACTURING,Department of Defense,Defense Logistics Agency,PURCHASE ORDER,10/15/2024,5/13/2025,5/24/2025,CONT_AWD_SPE8EF25V0044_9700_-NONE-_-NONE-,10/15/2024,SPE8EF
SPE8EF25V0056,10/18/2024,INTEGRATED PROCUREMENT TECHNOLOGIES,17004.23,"8510966359!COVER,HANDLE INSTAL",SPE8EF25T0037,SIMPLIFIED ACQUISITION,COMPETED UNDER SAP,1,FIRM FIXED PRICE,NO SET ASIDE USED.,DLA TROOP SUPPORT,1740 AIRFIELD SPECIALIZED TRUCKS AND TRAILERS,333120 CONSTRUCTION MACHINERY MANUFACTURING,Department of Defense,Defense Logistics Agency,PURCHASE ORDER,10/18/2024,6/15/2025,6/21/2025,CONT_AWD_SPE8EF25V0056_9700_-NONE-_-NONE-,10/18/2024,SPE8EF
SPE8EF25V0067,10/24/2024,DEVAL LIFE CYCLE SUPPORT LLC,9768.01,"8510978963!NRP,CLAMP,LOWER A00",SPE8EF24T1972,SIMPLIFIED ACQUISITION,COMPETED UNDER SAP,1,FIRM FIXED PRICE,NO SET ASIDE USED.,DLA TROOP SUPPORT,1740 AIRFIELD SPECIALIZED TRUCKS AND TRAILERS,332439 OTHER METAL CONTAINER MANUFACTURING,Department of Defense,Defense Logistics Agency,PURCHASE ORDER,10/24/2024,12/23/2024,1/4/2025,CONT_AWD_SPE8EF25V0067_9700_-NONE-_-NONE-,10/24/2024,SPE8EF
SPE8EF25V0068,10/25/2024,"MCT INDUSTRIES, INC.",221771.4,"8510981340!TRAILER,GROUND HAND",SPE8EF25T0097,SIMPLIFIED ACQUISITION,COMPETED UNDER SAP,2,FIRM FIXED PRICE,NO SET ASIDE USED.,DLA TROOP SUPPORT,1740 AIRFIELD SPECIALIZED TRUCKS AND TRAILERS,488490 OTHER SUPPORT ACTIVITIES FOR ROAD TRANSPORTATION,Department of Defense,Defense Logistics Agency,PURCHASE ORDER,10/25/2024,5/8/2025,6/14/2025,CONT_AWD_SPE8EF25V0068_9700_-NONE-_-NONE-,10/25/2024,SPE8EF
SPE8EF25V0072,10/28/2024,EDWARDS INTERNATIONAL LLC,22287.19,"8510983779!CYLINDER ASSY,ACTU,",SPE8EF24T2095,SIMPLIFIED ACQUISITION,COMPETED UNDER SAP,9,FIRM FIXED PRICE,SMALL BUSINESS SET ASIDE - TOTAL,DLA TROOP SUPPORT,1740 AIRFIELD SPECIALIZED TRUCKS AND TRAILERS,333922 CONVEYOR AND CONVEYING EQUIPMENT MANUFACTURING,Department of Defense,Defense Logistics Agency,PURCHASE ORDER,10/28/2024,12/17/2024,2/15/2025,CONT_AWD_SPE8EF25V0072_9700_-NONE-_-NONE-,10/28/2024,SPE8EF
SPE8EF25V0078,10/28/2024,"JAG COMPONENTS, LLC",26174.4,8510984191!ROLLER ASSEMBLY,SPE8EF24T2140,SIMPLIFIED ACQUISITION,COMPETED UNDER SAP,4,FIRM FIXED PRICE,SERVICE DISABLED VETERAN OWNED SMALL BUSINESS SET-ASIDE,DLA TROOP SUPPORT,1740 AIRFIELD SPECIALIZED TRUCKS AND TRAILERS,333120 CONSTRUCTION MACHINERY MANUFACTURING,Department of Defense,Defense Logistics Agency,PURCHASE ORDER,10/28/2024,6/25/2025,7/14/2025,CONT_AWD_SPE8EF25V0078_9700_-NONE-_-NONE-,10/28/2024,SPE8EF
SPE8EF25V0082,10/28/2024,"PDI GROUND SUPPORT SYSTEMS, INC.",12190,"8510984444!ASSEMBLY,AFT TOOL B",SPE8EF25T0108,SIMPLIFIED ACQUISITION,COMPETED UNDER SAP,3,FIRM FIXED PRICE,SMALL BUSINESS SET ASIDE - TOTAL,DLA TROOP SUPPORT,1740 AIRFIELD SPECIALIZED TRUCKS AND TRAILERS,333120 CONSTRUCTION MACHINERY MANUFACTURING,Department of Defense,Defense Logistics Agency,PURCHASE ORDER,10/28/2024,4/13/2025,5/3/2025,CONT_AWD_SPE8EF25V0082_9700_-NONE-_-NONE-,10/28/2024,SPE8EF
SPE8EF25V0085,10/31/2024,DEVAL LIFE CYCLE SUPPORT LLC,39462.5,"8510992538!NRP,BRAKE CAM A005",SPE8EF24T2151,SIMPLIFIED ACQUISITION,COMPETED UNDER SAP,1,FIRM FIXED PRICE,NO SET ASIDE USED.,DLA TROOP SUPPORT,1740 AIRFIELD SPECIALIZED TRUCKS AND TRAILERS,332439 OTHER METAL CONTAINER MANUFACTURING,Department of Defense,Defense Logistics Agency,PURCHASE ORDER,10/31/2024,2/28/2025,3/8/2025,CONT_AWD_SPE8EF25V0085_9700_-NONE-_-NONE-,10/31/2024,SPE8EF
SPE8EF25V0087,10/31/2024,DEVAL LIFE CYCLE SUPPORT LLC,40104.18,"8510992900!NRP,BRAKE CAM A005",SPE8EF25T0125,SIMPLIFIED ACQUISITION,COMPETED UNDER SAP,2,FIRM FIXED PRICE,NO SET ASIDE USED.,DLA TROOP SUPPORT,1740 AIRFIELD SPECIALIZED TRUCKS AND TRAILERS,332439 OTHER METAL CONTAINER MANUFACTURING,Department of Defense,Defense Logistics Agency,PURCHASE ORDER,10/31/2024,4/9/2025,4/19/2025,CONT_AWD_SPE8EF25V0087_9700_-NONE-_-NONE-,10/31/2024,SPE8EF
SPE8EF25V0090,11/4/2024,DEVAL LIFE CYCLE SUPPORT LLC,28195.7,"8510997347!TIRES,AIRCRAFT,MATE",SPE8EF24T2274,SIMPLIFIED ACQUISITION,COMPETED UNDER SAP,1,FIRM FIXED PRICE,SMALL BUSINESS SET ASIDE - TOTAL,DLA TROOP SUPPORT,1740 AIRFIELD SPECIALIZED TRUCKS AND TRAILERS,333120 CONSTRUCTION MACHINERY MANUFACTURING,Department of Defense,Defense Logistics Agency,PURCHASE ORDER,11/4/2024,6/12/2025,6/21/2025,CONT_AWD_SPE8EF25V0090_9700_-NONE-_-NONE-,11/4/2024,SPE8EF
SPE8EF25V0101,11/5/2024,MAX TA GROUP LLC,6364.24,"8511000178!LIGHT,BACK UP,LED,A",SPE8EF24T2084,SIMPLIFIED ACQUISITION,COMPETED UNDER SAP,20,FIRM FIXED PRICE,NO SET ASIDE USED.,DLA TROOP SUPPORT,1740 AIRFIELD SPECIALIZED TRUCKS AND TRAILERS,336390 OTHER MOTOR VEHICLE PARTS MANUFACTURING,Department of Defense,Defense Logistics Agency,PURCHASE ORDER,11/5/2024,11/27/2024,12/14/2024,CONT_AWD_SPE8EF25V0101_9700_-NONE-_-NONE-,11/5/2024,SPE8EF
SPE8EF25V0110,11/7/2024,POLYTECH DEFENSE SPARES LLC,1316.48,"8511005966!NRP,SPRING A007",SPE8EF25T0048,SIMPLIFIED ACQUISITION,COMPETED UNDER SAP,4,FIRM FIXED PRICE,NO SET ASIDE USED.,DLA TROOP SUPPORT,1740 AIRFIELD SPECIALIZED TRUCKS AND TRAILERS,336212 TRUCK TRAILER MANUFACTURING,Department of Defense,Defense Logistics Agency,PURCHASE ORDER,11/7/2024,5/6/2025,5/17/2025,CONT_AWD_SPE8EF25V0110_9700_-NONE-_-NONE-,11/7/2024,SPE8EF
SPE8EF25V0112,11/12/2024,S I T CORPORATION,14560.78,"8511011631!CYLINDER ASSY,ACTU,",SPE8EF25T0129,SIMPLIFIED ACQUISITION,COMPETED UNDER SAP,10,FIRM FIXED PRICE,SMALL BUSINESS SET ASIDE - TOTAL,DLA TROOP SUPPORT,1740 AIRFIELD SPECIALIZED TRUCKS AND TRAILERS,333922 CONVEYOR AND CONVEYING EQUIPMENT MANUFACTURING,Department of Defense,Defense Logistics Agency,PURCHASE ORDER,11/12/2024,4/11/2025,5/24/2025,CONT_AWD_SPE8EF25V0112_9700_-NONE-_-NONE-,11/12/2024,SPE8EF
SPE8EF25V0125,11/12/2024,INTEGRATED PROCUREMENT TECHNOLOGIES,27707.04,"8511012078!GATE ASSY,DRAIN PAN",SPE8EF25T0192,SIMPLIFIED ACQUISITION,COMPETED UNDER SAP,1,FIRM FIXED PRICE,NO SET ASIDE USED.,DLA TROOP SUPPORT,1740 AIRFIELD SPECIALIZED TRUCKS AND TRAILERS,333120 CONSTRUCTION MACHINERY MANUFACTURING,Department of Defense,Defense Logistics Agency,PURCHASE ORDER,11/12/2024,6/10/2025,7/5/2025,CONT_AWD_SPE8EF25V0125_9700_-NONE-_-NONE-,11/12/2024,SPE8EF
SPE8EF25V0129,11/14/2024,INTEGRATED PROCUREMENT TECHNOLOGIES,32505.3,"8511019923!GUARD ASSY,BELT",SPE8EF24T2383,SIMPLIFIED ACQUISITION,COMPETED UNDER SAP,1,FIRM FIXED PRICE,NO SET ASIDE USED.,DLA TROOP SUPPORT,1740 AIRFIELD SPECIALIZED TRUCKS AND TRAILERS,336390 OTHER MOTOR VEHICLE PARTS MANUFACTURING,Department of Defense,Defense Logistics Agency,PURCHASE ORDER,11/14/2024,5/13/2025,5/24/2025,CONT_AWD_SPE8EF25V0129_9700_-NONE-_-NONE-,11/14/2024,SPE8EF
SPE8EF25V0134,11/18/2024,ETON MACHINE COMPANY LIMITED,4433.04,"8511025659!PLATE,SIDE",SPE8EF24T2187,SIMPLIFIED ACQUISITION,COMPETED UNDER SAP,18,FIRM FIXED PRICE,NO SET ASIDE USED.,DLA TROOP SUPPORT,1740 AIRFIELD SPECIALIZED TRUCKS AND TRAILERS,333120 CONSTRUCTION MACHINERY MANUFACTURING,Department of Defense,Defense Logistics Agency,PURCHASE ORDER,11/18/2024,3/18/2025,11/18/2024,CONT_AWD_SPE8EF25V0134_9700_-NONE-_-NONE-,11/18/2024,SPE8EF
SPE8EF25V0139,11/18/2024,"MCT INDUSTRIES, INC.",221771.4,"8511026096!TRAILER,GROUND HAND",SPE8EF25T0232,SIMPLIFIED ACQUISITION,COMPETED UNDER SAP,2,FIRM FIXED PRICE,SMALL BUSINESS SET ASIDE - TOTAL,DLA TROOP SUPPORT,1740 AIRFIELD SPECIALIZED TRUCKS AND TRAILERS,488490 OTHER SUPPORT ACTIVITIES FOR ROAD TRANSPORTATION,Department of Defense,Defense Logistics Agency,PURCHASE ORDER,11/18/2024,7/27/2025,8/2/2025,CONT_AWD_SPE8EF25V0139_9700_-NONE-_-NONE-,11/18/2024,SPE8EF
SPE8EF25V0173,12/9/2024,"AVIATION PROCUREMENT SYSTEMS, LLC",21896,"8511064237!WHEEL,REAR,AIRCRAFT",SPE8EF25T0340,SIMPLIFIED ACQUISITION,COMPETED UNDER SAP,6,FIRM FIXED PRICE,SMALL BUSINESS SET ASIDE - TOTAL,DLA TROOP SUPPORT,1740 AIRFIELD SPECIALIZED TRUCKS AND TRAILERS,336390 OTHER MOTOR VEHICLE PARTS MANUFACTURING,Department of Defense,Defense Logistics Agency,PURCHASE ORDER,12/9/2024,4/8/2025,4/19/2025,CONT_AWD_SPE8EF25V0173_9700_-NONE-_-NONE-,12/9/2024,SPE8EF
SPE8EF25V0192,12/16/2024,DEVAL LIFE CYCLE SUPPORT LLC,24911.75,"8511080435!NRP,PIVOT A006",SPE8EF25T0166,SIMPLIFIED ACQUISITION,COMPETED UNDER SAP,2,FIRM FIXED PRICE,NO SET ASIDE USED.,DLA TROOP SUPPORT,1740 AIRFIELD SPECIALIZED TRUCKS AND TRAILERS,336212 TRUCK TRAILER MANUFACTURING,Department of Defense,Defense Logistics Agency,PURCHASE ORDER,12/16/2024,5/5/2025,5/17/2025,CONT_AWD_SPE8EF25V0192_9700_-NONE-_-NONE-,12/16/2024,SPE8EF
SPE8EF25V0199,12/17/2024,"PIONEER INDUSTRIES, LLC",5309.38,"8511083910!PADS,FRONT BRAKE CA",SPE8EF25T0430,SIMPLIFIED ACQUISITION,COMPETED UNDER SAP,6,FIRM FIXED PRICE,NO SET ASIDE USED.,DLA TROOP SUPPORT,1740 AIRFIELD SPECIALIZED TRUCKS AND TRAILERS,336390 OTHER MOTOR VEHICLE PARTS MANUFACTURING,Department of Defense,Defense Logistics Agency,PURCHASE ORDER,12/17/2024,4/21/2025,5/3/2025,CONT_AWD_SPE8EF25V0199_9700_-NONE-_-NONE-,12/17/2024,SPE8EF
SPE8EF25V0227,1/6/2025,S I T CORPORATION,4587.09,"8511108690!LIGHT,TAIL,TURN,LED",SPE8EF25T0410,SIMPLIFIED ACQUISITION,COMPETED UNDER SAP,6,FIRM FIXED PRICE,NO SET ASIDE USED.,DLA TROOP SUPPORT,1740 AIRFIELD SPECIALIZED TRUCKS AND TRAILERS,336390 OTHER MOTOR VEHICLE PARTS MANUFACTURING,Department of Defense,Defense Logistics Agency,PURCHASE ORDER,1/6/2025,7/20/2025,1/6/2025,CONT_AWD_SPE8EF25V0227_9700_-NONE-_-NONE-,1/6/2025,SPE8EF
SPE8EF25V0235,1/10/2025,INTEGRATED PROCUREMENT TECHNOLOGIES,17733.94,8511116618!FILTER ASSY,SPE8EF25T0485,SIMPLIFIED ACQUISITION,COMPETED UNDER SAP,1,FIRM FIXED PRICE,NO SET ASIDE USED.,DLA TROOP SUPPORT,1740 AIRFIELD SPECIALIZED TRUCKS AND TRAILERS,333120 CONSTRUCTION MACHINERY MANUFACTURING,Department of Defense,Defense Logistics Agency,PURCHASE ORDER,1/10/2025,6/30/2025,7/12/2025,CONT_AWD_SPE8EF25V0235_9700_-NONE-_-NONE-,1/10/2025,SPE8EF
SPE8EF25V0236,1/10/2025,INTEGRATED PROCUREMENT TECHNOLOGIES,13412.92,"8511116774!WELD ASSY,TANK",SPE8EF25T0486,SIMPLIFIED ACQUISITION,COMPETED UNDER SAP,1,FIRM FIXED PRICE,NO SET ASIDE USED.,DLA TROOP SUPPORT,1740 AIRFIELD SPECIALIZED TRUCKS AND TRAILERS,333120 CONSTRUCTION MACHINERY MANUFACTURING,Department of Defense,Defense Logistics Agency,PURCHASE ORDER,1/10/2025,8/28/2025,8/19/2025,CONT_AWD_SPE8EF25V0236_9700_-NONE-_-NONE-,1/10/2025,SPE8EF
SPE8EF25V0254,1/14/2025,ARYAN ENGINEERING & MANUFACTURING SERVICES INC.,390,"8511122275!ROLLER,CRADLE",SPE8EF25T0568,SIMPLIFIED ACQUISITION,COMPETED UNDER SAP,3,FIRM FIXED PRICE,NO SET ASIDE USED.,DLA TROOP SUPPORT,1740 AIRFIELD SPECIALIZED TRUCKS AND TRAILERS,333120 CONSTRUCTION MACHINERY MANUFACTURING,Department of Defense,Defense Logistics Agency,PURCHASE ORDER,1/14/2025,3/17/2025,7/12/2025,CONT_AWD_SPE8EF25V0254_9700_-NONE-_-NONE-,1/14/2025,SPE8EF
SPE8EF25V0260,1/17/2025,ARYAN ENGINEERING & MANUFACTURING SERVICES INC.,7068,8511131710!DRAWBAR,SPE8EF25T0499,SIMPLIFIED ACQUISITION,COMPETED UNDER SAP,4,FIRM FIXED PRICE,NO SET ASIDE USED.,DLA TROOP SUPPORT,1740 AIRFIELD SPECIALIZED TRUCKS AND TRAILERS,333120 CONSTRUCTION MACHINERY MANUFACTURING,Department of Defense,Defense Logistics Agency,PURCHASE ORDER,1/17/2025,9/15/2025,4/4/2025,CONT_AWD_SPE8EF25V0260_9700_-NONE-_-NONE-,1/17/2025,SPE8EF
SPE8EF25V0263,1/21/2025,KAMPI COMPONENTS CO INC,44072.93,8511134979!TRANSPORTABILITY KI,SPE8EF25T0560,SIMPLIFIED ACQUISITION,COMPETED UNDER SAP,2,FIRM FIXED PRICE,SMALL BUSINESS SET ASIDE - TOTAL,DLA TROOP SUPPORT,1740 AIRFIELD SPECIALIZED TRUCKS AND TRAILERS,332439 OTHER METAL CONTAINER MANUFACTURING,Department of Defense,Defense Logistics Agency,PURCHASE ORDER,1/21/2025,2/25/2026,4/4/2025,CONT_AWD_SPE8EF25V0263_9700_-NONE-_-NONE-,1/21/2025,SPE8EF
SPE8EF25V0266,1/22/2025,DEVAL LIFE CYCLE SUPPORT LLC,10726.92,"8511137811!BRAKE,PARKING",SPE8EF25T0291,SIMPLIFIED ACQUISITION,COMPETED UNDER SAP,1,FIRM FIXED PRICE,NO SET ASIDE USED.,DLA TROOP SUPPORT,1740 AIRFIELD SPECIALIZED TRUCKS AND TRAILERS,336390 OTHER MOTOR VEHICLE PARTS MANUFACTURING,Department of Defense,Defense Logistics Agency,PURCHASE ORDER,1/22/2025,7/21/2025,8/2/2025,CONT_AWD_SPE8EF25V0266_9700_-NONE-_-NONE-,1/22/2025,SPE8EF
SPE8EF25V0279,1/27/2025,"MTC ENGINEERING, LLC",2075,8511147055!SUPPORT ASSEMBLY,SPE8EF25T0294,SIMPLIFIED ACQUISITION,COMPETED UNDER SAP,5,FIRM FIXED PRICE,NO SET ASIDE USED.,DLA TROOP SUPPORT,1740 AIRFIELD SPECIALIZED TRUCKS AND TRAILERS,333120 CONSTRUCTION MACHINERY MANUFACTURING,Department of Defense,Defense Logistics Agency,PURCHASE ORDER,1/27/2025,7/28/2025,7/14/2025,CONT_AWD_SPE8EF25V0279_9700_-NONE-_-NONE-,1/27/2025,SPE8EF
SPE8EF25V0290,2/3/2025,"MCT INDUSTRIES, INC.",230642.28,"8511162818!TRAILER,GROUND HAND",SPE8EF25T0598,SIMPLIFIED ACQUISITION,COMPETED UNDER SAP,1,FIRM FIXED PRICE,SMALL BUSINESS SET ASIDE - TOTAL,DLA TROOP SUPPORT,1740 AIRFIELD SPECIALIZED TRUCKS AND TRAILERS,488490 OTHER SUPPORT ACTIVITIES FOR ROAD TRANSPORTATION,Department of Defense,Defense Logistics Agency,PURCHASE ORDER,2/3/2025,10/14/2025,4/4/2025,CONT_AWD_SPE8EF25V0290_9700_-NONE-_-NONE-,2/3/2025,SPE8EF
SPE8EF25V0294,2/4/2025,DEVAL LIFE CYCLE SUPPORT LLC,27875.61,"8511166012!HUB BEARINGS,AIRCRA",SPE8EF25T0196,SIMPLIFIED ACQUISITION,COMPETED UNDER SAP,1,FIRM FIXED PRICE,NO SET ASIDE USED.,DLA TROOP SUPPORT,1740 AIRFIELD SPECIALIZED TRUCKS AND TRAILERS,333120 CONSTRUCTION MACHINERY MANUFACTURING,Department of Defense,Defense Logistics Agency,PURCHASE ORDER,2/4/2025,8/4/2025,2/4/2025,CONT_AWD_SPE8EF25V0294_9700_-NONE-_-NONE-,2/4/2025,SPE8EF
SPE8EF25V0297,2/6/2025,DEVAL LIFE CYCLE SUPPORT LLC,11824.3,"8511171960!TUBES,AIRCRAFT,MATE",SPE8EF25T0455,SIMPLIFIED ACQUISITION,COMPETED UNDER SAP,2,FIRM FIXED PRICE,SMALL BUSINESS SET ASIDE - TOTAL,DLA TROOP SUPPORT,1740 AIRFIELD SPECIALIZED TRUCKS AND TRAILERS,336413 OTHER AIRCRAFT PARTS AND AUXILIARY EQUIPMENT MANUFACTURING,Department of Defense,Defense Logistics Agency,PURCHASE ORDER,2/6/2025,8/5/2025,7/14/2025,CONT_AWD_SPE8EF25V0297_9700_-NONE-_-NONE-,2/6/2025,SPE8EF
SPE8EF25V0316,2/11/2025,"LEATHERNECK PRECISION MACHINE AND FABRICATION, LLC",5512.5,"8511180852!PLATE,SIDE",SPE8EF25T0690,SIMPLIFIED ACQUISITION,COMPETED UNDER SAP,6,FIRM FIXED PRICE,NO SET ASIDE USED.,DLA TROOP SUPPORT,1740 AIRFIELD SPECIALIZED TRUCKS AND TRAILERS,333120 CONSTRUCTION MACHINERY MANUFACTURING,Department of Defense,Defense Logistics Agency,PURCHASE ORDER,2/11/2025,7/28/2025,7/14/2025,CONT_AWD_SPE8EF25V0316_9700_-NONE-_-NONE-,2/11/2025,SPE8EF
SPE8EF25V0318,2/11/2025,"JGILS, LLC",13728.52,"8511180906!TOWBAR,TRAILER,MUNI",SPE8EF25T0138,SIMPLIFIED ACQUISITION,COMPETED UNDER SAP,4,FIRM FIXED PRICE,SMALL BUSINESS SET ASIDE - TOTAL,DLA TROOP SUPPORT,1740 AIRFIELD SPECIALIZED TRUCKS AND TRAILERS,333120 CONSTRUCTION MACHINERY MANUFACTURING,Department of Defense,Defense Logistics Agency,PURCHASE ORDER,2/11/2025,6/17/2025,6/28/2025,CONT_AWD_SPE8EF25V0318_9700_-NONE-_-NONE-,2/11/2025,SPE8EF
SPE8EF25V0320,2/11/2025,"COILING TECHNOLOGIES, INC.",1260,"8511180915!NRP,SPRING A007",SPE8EF25T0680,SIMPLIFIED ACQUISITION,COMPETED UNDER SAP,2,FIRM FIXED PRICE,NO SET ASIDE USED.,DLA TROOP SUPPORT,1740 AIRFIELD SPECIALIZED TRUCKS AND TRAILERS,336212 TRUCK TRAILER MANUFACTURING,Department of Defense,Defense Logistics Agency,PURCHASE ORDER,2/11/2025,7/28/2025,7/14/2025,CONT_AWD_SPE8EF25V0320_9700_-NONE-_-NONE-,2/11/2025,SPE8EF
SPE8EF25V0333,2/14/2025,ARYAN ENGINEERING & MANUFACTURING SERVICES INC.,5952,8511190823!ARBOR POST,SPE8EF25T0724,SIMPLIFIED ACQUISITION,COMPETED UNDER SAP,1,FIRM FIXED PRICE,NO SET ASIDE USED.,DLA TROOP SUPPORT,1740 AIRFIELD SPECIALIZED TRUCKS AND TRAILERS,333120 CONSTRUCTION MACHINERY MANUFACTURING,Department of Defense,Defense Logistics Agency,PURCHASE ORDER,2/14/2025,9/2/2025,4/4/2025,CONT_AWD_SPE8EF25V0333_9700_-NONE-_-NONE-,2/14/2025,SPE8EF
SPE8EF25V0347,2/19/2025,DEVAL LIFE CYCLE SUPPORT LLC,8335.79,8511197575!SLEEVE,SPE8EF25T0398,SIMPLIFIED ACQUISITION,COMPETED UNDER SAP,1,FIRM FIXED PRICE,NO SET ASIDE USED.,DLA TROOP SUPPORT,1740 AIRFIELD SPECIALIZED TRUCKS AND TRAILERS,332439 OTHER METAL CONTAINER MANUFACTURING,Department of Defense,Defense Logistics Agency,PURCHASE ORDER,2/19/2025,8/5/2025,7/14/2025,CONT_AWD_SPE8EF25V0347_9700_-NONE-_-NONE-,2/19/2025,SPE8EF
SPE8EF25V0348,2/19/2025,DEVAL LIFE CYCLE SUPPORT LLC,82401.1,"8511197710!NRP,BRAKE CABLE A00",SPE8EF25T0431,SIMPLIFIED ACQUISITION,COMPETED UNDER SAP,1,FIRM FIXED PRICE,NO SET ASIDE USED.,DLA TROOP SUPPORT,1740 AIRFIELD SPECIALIZED TRUCKS AND TRAILERS,336212 TRUCK TRAILER MANUFACTURING,Department of Defense,Defense Logistics Agency,PURCHASE ORDER,2/19/2025,10/27/2025,4/4/2025,CONT_AWD_SPE8EF25V0348_9700_-NONE-_-NONE-,2/19/2025,SPE8EF
SPE8EF25V0349,2/19/2025,DEVAL LIFE CYCLE SUPPORT LLC,8365.5,"8511197721!LAMP ASSEMBLY,L.E.D",SPE8EF25T0384,SIMPLIFIED ACQUISITION,COMPETED UNDER SAP,1,FIRM FIXED PRICE,NO SET ASIDE USED.,DLA TROOP SUPPORT,1740 AIRFIELD SPECIALIZED TRUCKS AND TRAILERS,333120 CONSTRUCTION MACHINERY MANUFACTURING,Department of Defense,Defense Logistics Agency,PURCHASE ORDER,2/19/2025,8/5/2025,7/14/2025,CONT_AWD_SPE8EF25V0349_9700_-NONE-_-NONE-,2/19/2025,SPE8EF
SPE8EF25V0350,2/20/2025,INTEGRATED PROCUREMENT TECHNOLOGIES,33960.75,"8511201303!GUARD ASSY,BELT",SPE8EF25T0700,SIMPLIFIED ACQUISITION,COMPETED UNDER SAP,1,FIRM FIXED PRICE,NO SET ASIDE USED.,DLA TROOP SUPPORT,1740 AIRFIELD SPECIALIZED TRUCKS AND TRAILERS,336390 OTHER MOTOR VEHICLE PARTS MANUFACTURING,Department of Defense,Defense Logistics Agency,PURCHASE ORDER,2/20/2025,8/19/2025,8/18/2025,CONT_AWD_SPE8EF25V0350_9700_-NONE-_-NONE-,2/20/2025,SPE8EF
SPE8EF25V0353,2/21/2025,DEVAL LIFE CYCLE SUPPORT LLC,8038.45,"8511204011!NRP,CLAMP,LOWER A00",SPE8EF25T0658,SIMPLIFIED ACQUISITION,COMPETED UNDER SAP,1,FIRM FIXED PRICE,NO SET ASIDE USED.,DLA TROOP SUPPORT,1740 AIRFIELD SPECIALIZED TRUCKS AND TRAILERS,332439 OTHER METAL CONTAINER MANUFACTURING,Department of Defense,Defense Logistics Agency,PURCHASE ORDER,2/21/2025,6/23/2025,7/5/2025,CONT_AWD_SPE8EF25V0353_9700_-NONE-_-NONE-,2/21/2025,SPE8EF
SPE8EF25V0354,2/21/2025,"JGILS, LLC",6851.69,"8511204221!TRAILER,GROUND HAND",SPE8EF25T0735,SIMPLIFIED ACQUISITION,COMPETED UNDER SAP,9,FIRM FIXED PRICE,NO SET ASIDE USED.,DLA TROOP SUPPORT,1740 AIRFIELD SPECIALIZED TRUCKS AND TRAILERS,333120 CONSTRUCTION MACHINERY MANUFACTURING,Department of Defense,Defense Logistics Agency,PURCHASE ORDER,2/21/2025,4/4/2025,4/12/2025,CONT_AWD_SPE8EF25V0354_9700_-NONE-_-NONE-,2/21/2025,SPE8EF
SPE8EF25V0357,2/24/2025,TNL SALES LLC,167089.8,8511207653!TRANSPORTABILITY KI,SPE8EF25T0732,SIMPLIFIED ACQUISITION,COMPETED UNDER SAP,3,FIRM FIXED PRICE,SMALL BUSINESS SET ASIDE - TOTAL,DLA TROOP SUPPORT,1740 AIRFIELD SPECIALIZED TRUCKS AND TRAILERS,332439 OTHER METAL CONTAINER MANUFACTURING,Department of Defense,Defense Logistics Agency,PURCHASE ORDER,2/24/2025,3/11/2026,4/4/2025,CONT_AWD_SPE8EF25V0357_9700_-NONE-_-NONE-,2/24/2025,SPE8EF
SPE8EF25V0363,2/25/2025,CHAMP INDUSTRIES,2342.99,"8511211311!ADJUSTING SCREW,TRA",SPE8EF25T0747,SIMPLIFIED ACQUISITION,COMPETED UNDER SAP,2,FIRM FIXED PRICE,NO SET ASIDE USED.,DLA TROOP SUPPORT,1740 AIRFIELD SPECIALIZED TRUCKS AND TRAILERS,333120 CONSTRUCTION MACHINERY MANUFACTURING,Department of Defense,Defense Logistics Agency,PURCHASE ORDER,2/25/2025,5/27/2025,6/7/2025,CONT_AWD_SPE8EF25V0363_9700_-NONE-_-NONE-,2/25/2025,SPE8EF
SPE8EF25V0367,2/26/2025,BESTEK INDUSTRIES INC,20736,"8511214490!SUPPORT,LEFT HAND",SPE8EF25T0313,SIMPLIFIED ACQUISITION,COMPETED UNDER SAP,1,FIRM FIXED PRICE,SMALL BUSINESS SET ASIDE - TOTAL,DLA TROOP SUPPORT,1740 AIRFIELD SPECIALIZED TRUCKS AND TRAILERS,333120 CONSTRUCTION MACHINERY MANUFACTURING,Department of Defense,Defense Logistics Agency,PURCHASE ORDER,2/26/2025,9/15/2025,4/4/2025,CONT_AWD_SPE8EF25V0367_9700_-NONE-_-NONE-,2/26/2025,SPE8EF
SPE8EF25V0400,3/11/2025,"HEARTLAND AUTO ELECTRIC, INC",75250,"8511241548!ADAPTER,REAR",SPE8EF25T0796,SIMPLIFIED ACQUISITION,COMPETED UNDER SAP,5,FIRM FIXED PRICE,SMALL BUSINESS SET ASIDE - TOTAL,DLA TROOP SUPPORT,1740 AIRFIELD SPECIALIZED TRUCKS AND TRAILERS,336413 OTHER AIRCRAFT PARTS AND AUXILIARY EQUIPMENT MANUFACTURING,Department of Defense,Defense Logistics Agency,PURCHASE ORDER,3/11/2025,9/8/2025,4/4/2025,CONT_AWD_SPE8EF25V0400_9700_-NONE-_-NONE-,3/11/2025,SPE8EF
SPE8EF25V0412,3/17/2025,INTEGRATED PROCUREMENT TECHNOLOGIES,205749,8511252981!COMPRESSOR AY-FEED,SPE8EF25T0817,SIMPLIFIED ACQUISITION,COMPETED UNDER SAP,1,FIRM FIXED PRICE,NO SET ASIDE USED.,DLA TROOP SUPPORT,1740 AIRFIELD SPECIALIZED TRUCKS AND TRAILERS,332439 OTHER METAL CONTAINER MANUFACTURING,Department of Defense,Defense Logistics Agency,PURCHASE ORDER,3/17/2025,12/12/2025,4/4/2025,CONT_AWD_SPE8EF25V0412_9700_-NONE-_-NONE-,3/17/2025,SPE8EF
SPE8EF25V0413,3/17/2025,INTEGRATED PROCUREMENT TECHNOLOGIES,35730,"8511253058!COVER,HANDLE INSTAL",SPE8EF25T0863,SIMPLIFIED ACQUISITION,COMPETED UNDER SAP,1,FIRM FIXED PRICE,NO SET ASIDE USED.,DLA TROOP SUPPORT,1740 AIRFIELD SPECIALIZED TRUCKS AND TRAILERS,333120 CONSTRUCTION MACHINERY MANUFACTURING,Department of Defense,Defense Logistics Agency,PURCHASE ORDER,3/17/2025,11/12/2025,4/4/2025,CONT_AWD_SPE8EF25V0413_9700_-NONE-_-NONE-,3/17/2025,SPE8EF
SPE8EF25V0425,3/19/2025,CONSUMER FUELS INC,15290.83,"8511259059!TOWBAR,TRAILER,MUNI",SPE8EF25T0746,SIMPLIFIED ACQUISITION,COMPETED UNDER SAP,5,FIRM FIXED PRICE,SMALL BUSINESS SET ASIDE - TOTAL,DLA TROOP SUPPORT,1740 AIRFIELD SPECIALIZED TRUCKS AND TRAILERS,333120 CONSTRUCTION MACHINERY MANUFACTURING,Department of Defense,Defense Logistics Agency,PURCHASE ORDER,3/19/2025,8/18/2025,7/14/2025,CONT_AWD_SPE8EF25V0425_9700_-NONE-_-NONE-,3/19/2025,SPE8EF
SPE8EF25V0426,3/19/2025,"PIONEER INDUSTRIES, LLC",4171.5,"8511259256!ROTOR,BRAKE,AIRCRAF",SPE8EF25T0864,SIMPLIFIED ACQUISITION,COMPETED UNDER SAP,10,FIRM FIXED PRICE,NO SET ASIDE USED.,DLA TROOP SUPPORT,1740 AIRFIELD SPECIALIZED TRUCKS AND TRAILERS,336390 OTHER MOTOR VEHICLE PARTS MANUFACTURING,Department of Defense,Defense Logistics Agency,PURCHASE ORDER,3/19/2025,6/24/2025,7/5/2025,CONT_AWD_SPE8EF25V0426_9700_-NONE-_-NONE-,3/19/2025,SPE8EF
SPE8EF25V0429,3/19/2025,DEVAL LIFE CYCLE SUPPORT LLC,183463.52,8511259748!BUCKLE AND STRAP AS,SPE8EF25T0797,SIMPLIFIED ACQUISITION,COMPETED UNDER SAP,2,FIRM FIXED PRICE,SMALL BUSINESS SET ASIDE - TOTAL,DLA TROOP SUPPORT,1740 AIRFIELD SPECIALIZED TRUCKS AND TRAILERS,332439 OTHER METAL CONTAINER MANUFACTURING,Department of Defense,Defense Logistics Agency,PURCHASE ORDER,3/19/2025,10/27/2025,4/4/2025,CONT_AWD_SPE8EF25V0429_9700_-NONE-_-NONE-,3/19/2025,SPE8EF
SPE8EF25V0435,3/26/2025,"PAR DEFENSE INDUSTRIES, LLC",6619.8,"8511277716!VALVE,ENGINE OIL DR",SPE8EF25T0865,SIMPLIFIED ACQUISITION,COMPETED UNDER SAP,8,FIRM FIXED PRICE,NO SET ASIDE USED.,DLA TROOP SUPPORT,1740 AIRFIELD SPECIALIZED TRUCKS AND TRAILERS,336390 OTHER MOTOR VEHICLE PARTS MANUFACTURING,Department of Defense,Defense Logistics Agency,PURCHASE ORDER,3/26/2025,8/25/2025,7/14/2025,CONT_AWD_SPE8EF25V0435_9700_-NONE-_-NONE-,3/26/2025,SPE8EF
SPE8EF25V0448,4/1/2025,ALPINE SUPPLY INC.,0,"8511290052!SEAT,VINYL BUCKET,A",SPE8EF25T0758,SIMPLIFIED ACQUISITION,COMPETED UNDER SAP,14,FIRM FIXED PRICE,SMALL BUSINESS SET ASIDE - TOTAL,DLA TROOP SUPPORT,1740 AIRFIELD SPECIALIZED TRUCKS AND TRAILERS,336390 OTHER MOTOR VEHICLE PARTS MANUFACTURING,Department of Defense,Defense Logistics Agency,PURCHASE ORDER,4/1/2025,9/22/2025,4/24/2025,CONT_AWD_SPE8EF25V0448_9700_-NONE-_-NONE-,4/1/2025,SPE8EF
SPE8EF25V0455,4/2/2025,DEVAL LIFE CYCLE SUPPORT LLC,13785.92,"8511293322!NRP,PIVOT A006",SPE8EF25T0675,SIMPLIFIED ACQUISITION,COMPETED UNDER SAP,1,FIRM FIXED PRICE,SMALL BUSINESS SET ASIDE - TOTAL,DLA TROOP SUPPORT,1740 AIRFIELD SPECIALIZED TRUCKS AND TRAILERS,336212 TRUCK TRAILER MANUFACTURING,Department of Defense,Defense Logistics Agency,PURCHASE ORDER,4/2/2025,9/2/2025,4/4/2025,CONT_AWD_SPE8EF25V0455_9700_-NONE-_-NONE-,4/2/2025,SPE8EF
SPE8EF25V0457,4/2/2025,SALEM MANUFACTURING & SALES INC,936,8511293259!SUPPORT ASSEMBLY,SPE8EF25T0587,SIMPLIFIED ACQUISITION,COMPETED UNDER SAP,6,FIRM FIXED PRICE,NO SET ASIDE USED.,DLA TROOP SUPPORT,1740 AIRFIELD SPECIALIZED TRUCKS AND TRAILERS,333120 CONSTRUCTION MACHINERY MANUFACTURING,Department of Defense,Defense Logistics Agency,PURCHASE ORDER,4/2/2025,5/2/2025,5/10/2025,CONT_AWD_SPE8EF25V0457_9700_-NONE-_-NONE-,4/2/2025,SPE8EF
SPE8EF25V0460,4/8/2025,"PIONEER INDUSTRIES, LLC",2351.51,"8511305095!GAUGE,FUEL LEVEL,AI",SPE8EF25T1031,SIMPLIFIED ACQUISITION,COMPETED UNDER SAP,7,FIRM FIXED PRICE,NO SET ASIDE USED.,DLA TROOP SUPPORT,1740 AIRFIELD SPECIALIZED TRUCKS AND TRAILERS,336390 OTHER MOTOR VEHICLE PARTS MANUFACTURING,Department of Defense,Defense Logistics Agency,PURCHASE ORDER,4/8/2025,9/22/2025,4/8/2025,CONT_AWD_SPE8EF25V0460_9700_-NONE-_-NONE-,4/8/2025,SPE8EF
SPE8EF25V0464,4/10/2025,DEVAL LIFE CYCLE SUPPORT LLC,214544.43,"8511311048!NRP,DRAWBAR,TELESCO",SPE8EF25T0705,SIMPLIFIED ACQUISITION,COMPETED UNDER SAP,4,FIRM FIXED PRICE,HUBZONE SET-ASIDE,DLA TROOP SUPPORT,1740 AIRFIELD SPECIALIZED TRUCKS AND TRAILERS,336212 TRUCK TRAILER MANUFACTURING,Department of Defense,Defense Logistics Agency,PURCHASE ORDER,4/10/2025,3/26/2026,4/10/2025,CONT_AWD_SPE8EF25V0464_9700_-NONE-_-NONE-,4/10/2025,SPE8EF
SPE8EF25V0465,4/10/2025,DEVAL LIFE CYCLE SUPPORT LLC,18521.28,"8511311104!NRP,REAR WHEEL ASSY",SPE8EF25T0679,SIMPLIFIED ACQUISITION,COMPETED UNDER SAP,1,FIRM FIXED PRICE,NO SET ASIDE USED.,DLA TROOP SUPPORT,1740 AIRFIELD SPECIALIZED TRUCKS AND TRAILERS,332439 OTHER METAL CONTAINER MANUFACTURING,Department of Defense,Defense Logistics Agency,PURCHASE ORDER,4/10/2025,10/7/2025,4/10/2025,CONT_AWD_SPE8EF25V0465_9700_-NONE-_-NONE-,4/10/2025,SPE8EF
SPE8EF25V0466,4/10/2025,DEVAL LIFE CYCLE SUPPORT LLC,27141.24,"8511311106!NRP,BUSHING,LOWER A",SPE8EF25T0681,SIMPLIFIED ACQUISITION,COMPETED UNDER SAP,1,FIRM FIXED PRICE,NO SET ASIDE USED.,DLA TROOP SUPPORT,1740 AIRFIELD SPECIALIZED TRUCKS AND TRAILERS,336212 TRUCK TRAILER MANUFACTURING,Department of Defense,Defense Logistics Agency,PURCHASE ORDER,4/10/2025,8/8/2025,8/16/2025,CONT_AWD_SPE8EF25V0466_9700_-NONE-_-NONE-,4/10/2025,SPE8EF
SPE8EF25V0470,4/14/2025,INTEGRATED PROCUREMENT TECHNOLOGIES,43016.95,"8511316339!GUARD ASSY,BELT",SPE8EF25T1023,SIMPLIFIED ACQUISITION,COMPETED UNDER SAP,1,FIRM FIXED PRICE,NO SET ASIDE USED.,DLA TROOP SUPPORT,1740 AIRFIELD SPECIALIZED TRUCKS AND TRAILERS,336390 OTHER MOTOR VEHICLE PARTS MANUFACTURING,Department of Defense,Defense Logistics Agency,PURCHASE ORDER,4/14/2025,10/14/2025,4/14/2025,CONT_AWD_SPE8EF25V0470_9700_-NONE-_-NONE-,4/14/2025,SPE8EF
SPE8EF25V0483,4/21/2025,DEVAL LIFE CYCLE SUPPORT LLC,21657,"8511332349!TIRES,AIRCRAFT,MATE",SPE8EF25T0766,SIMPLIFIED ACQUISITION,COMPETED UNDER SAP,1,FIRM FIXED PRICE,SMALL BUSINESS SET ASIDE - TOTAL,DLA TROOP SUPPORT,1740 AIRFIELD SPECIALIZED TRUCKS AND TRAILERS,333120 CONSTRUCTION MACHINERY MANUFACTURING,Department of Defense,Defense Logistics Agency,PURCHASE ORDER,4/21/2025,12/1/2025,7/14/2025,CONT_AWD_SPE8EF25V0483_9700_-NONE-_-NONE-,4/21/2025,SPE8EF
SPE8EF25V0491,4/22/2025,"PIONEER INDUSTRIES, LLC",4363.68,"8511335977!ROTOR,BRAKE,AIRCRAF",SPE8EF25T1097,SIMPLIFIED ACQUISITION,COMPETED UNDER SAP,8,FIRM FIXED PRICE,NO SET ASIDE USED.,DLA TROOP SUPPORT,1740 AIRFIELD SPECIALIZED TRUCKS AND TRAILERS,336390 OTHER MOTOR VEHICLE PARTS MANUFACTURING,Department of Defense,Defense Logistics Agency,PURCHASE ORDER,4/22/2025,6/23/2025,7/5/2025,CONT_AWD_SPE8EF25V0491_9700_-NONE-_-NONE-,4/22/2025,SPE8EF
SPE8EF25V0493,4/25/2025,EDWARDS INTERNATIONAL LLC,16240,"8511344038!CYLINDER ASSY,ACTU,",SPE8EF25T0767,SIMPLIFIED ACQUISITION,COMPETED UNDER SAP,10,FIRM FIXED PRICE,SMALL BUSINESS SET ASIDE - TOTAL,DLA TROOP SUPPORT,1740 AIRFIELD SPECIALIZED TRUCKS AND TRAILERS,333922 CONVEYOR AND CONVEYING EQUIPMENT MANUFACTURING,Department of Defense,Defense Logistics Agency,PURCHASE ORDER,4/25/2025,7/23/2025,7/14/2025,CONT_AWD_SPE8EF25V0493_9700_-NONE-_-NONE-,4/25/2025,SPE8EF
SPE8EF25V0524,5/12/2025,"DAVIS AIRCRAFT PRODUCTS CO., INC.",18193.34,8511375946!STRAP ASSEMBLY,SPE8EF25T1223,SIMPLIFIED ACQUISITION,COMPETED UNDER SAP,3,FIRM FIXED PRICE,NO SET ASIDE USED.,DLA TROOP SUPPORT,1740 AIRFIELD SPECIALIZED TRUCKS AND TRAILERS,333120 CONSTRUCTION MACHINERY MANUFACTURING,Department of Defense,Defense Logistics Agency,PURCHASE ORDER,5/12/2025,2/17/2026,5/12/2025,CONT_AWD_SPE8EF25V0524_9700_-NONE-_-NONE-,5/12/2025,SPE8EF
SPE8EF25V0525,5/12/2025,WASHINGTON FOUNDRIES INC,15000.12,"8511376033!SEAT,VINYL BUCKET,A",SPE8EF25T1171,SIMPLIFIED ACQUISITION,COMPETED UNDER SAP,11,FIRM FIXED PRICE,SMALL BUSINESS SET ASIDE - TOTAL,DLA TROOP SUPPORT,1740 AIRFIELD SPECIALIZED TRUCKS AND TRAILERS,336390 OTHER MOTOR VEHICLE PARTS MANUFACTURING,Department of Defense,Defense Logistics Agency,PURCHASE ORDER,5/12/2025,9/2/2025,8/19/2025,CONT_AWD_SPE8EF25V0525_9700_-NONE-_-NONE-,5/12/2025,SPE8EF
SPE8EF25V0537,5/23/2025,DEVAL LIFE CYCLE SUPPORT LLC,126546.44,8511402134!BUCKLE AND STRAP AS,SPE8EF25T1274,SIMPLIFIED ACQUISITION,COMPETED UNDER SAP,2,FIRM FIXED PRICE,SMALL BUSINESS SET ASIDE - TOTAL,DLA TROOP SUPPORT,1740 AIRFIELD SPECIALIZED TRUCKS AND TRAILERS,332439 OTHER METAL CONTAINER MANUFACTURING,Department of Defense,Defense Logistics Agency,PURCHASE ORDER,5/23/2025,12/29/2025,5/23/2025,CONT_AWD_SPE8EF25V0537_9700_-NONE-_-NONE-,5/23/2025,SPE8EF
SPE8EF25V0551,6/2/2025,DEVAL LIFE CYCLE SUPPORT LLC,214544.43,"8511417778!NRP,DRAWBAR,TELESCO",SPE8EF25T1323,SIMPLIFIED ACQUISITION,COMPETED UNDER SAP,1,FIRM FIXED PRICE,HUBZONE SET-ASIDE,DLA TROOP SUPPORT,1740 AIRFIELD SPECIALIZED TRUCKS AND TRAILERS,336212 TRUCK TRAILER MANUFACTURING,Department of Defense,Defense Logistics Agency,PURCHASE ORDER,6/2/2025,5/18/2026,6/2/2025,CONT_AWD_SPE8EF25V0551_9700_-NONE-_-NONE-,6/2/2025,SPE8EF
W911S225PA334,5/27/2025,AANTILIA LLC,145288.14,S2P2: MUNITIONS TRAILERS SOLICITATION #W911S225U0532,,SIMPLIFIED ACQUISITION,COMPETED UNDER SAP,5,FIRM FIXED PRICE,SMALL BUSINESS SET ASIDE - TOTAL,0160 AV BN  04 SPECIAL OPERATI,1740 AIRFIELD SPECIALIZED TRUCKS AND TRAILERS,336212 TRUCK TRAILER MANUFACTURING,Department of Defense,Department of the Army,PURCHASE ORDER,5/27/2025,3/30/2026,5/27/2025,CONT_AWD_W911S225PA334_9700_-NONE-_-NONE-,5/27/2025,W911S2
W912LC25PA010,2/26/2025,"TIGER TUGS ACQUISITION COMPANY, LLC",32985,TIGER TUG HELICOPTER GROUND TRANSPORTER,W912LC25Q0017,SIMPLIFIED ACQUISITION,NOT COMPETED UNDER SAP,1,FIRM FIXED PRICE,NO SET ASIDE USED.,W8ME HIGH ALTITUDE AVN TNG SIT,1740 AIRFIELD SPECIALIZED TRUCKS AND TRAILERS,"333924 INDUSTRIAL TRUCK, TRACTOR, TRAILER, AND STACKER MACHINERY MANUFACTURING",Department of Defense,Department of the Army,PURCHASE ORDER,2/26/2025,9/26/2025,2/26/2025,CONT_AWD_W912LC25PA010_9700_-NONE-_-NONE-,2/26/2025,W912LC
