Award ID,Award Date,Recipient Name,Awarded$,Award Description,PoP Duration,Days Till End,PoP Status,Solicitation ID,Solicitation Procedures,Competition Type,Offers Received,Contract Pricing Type,Set Aside Type,Funding Office Name,FSC,NAICS,Funding Agency,Funding Sub-Agency,Award Type,PoP Start Date,PoP End Date,Last Modified Date,generated_internal_id,effective_award_date,funding_office_code
47QFCA25F0006,2025-03-14,"IST RESEARCH, LLC",926800.0,IST PULSE SMALL BUSINESS INNOVATION RESEARCH III DELIVERY ORDER 42 UNITED STATES ARMY EUROPE AND AFRICA,364,191,>60,47QFCA25R0011,ONLY ONE SOURCE,NOT AVAILABLE FOR COMPETITION,,FIRM FIXED PRICE,,0007 HQ HQ     USAREUR-AF AUG,AC33 NATIONAL DEFENSE R&D SERVICES; DEFENSE-RELATED ACTIVITIES; EXPERIMENTAL DEVELOPMENT,"541715 RESEARCH AND DEVELOPMENT IN THE PHYSICAL, ENGINEERING, AND LIFE SCIENCES (EXCEPT NANOTECHNOLOGY AND BIOTECHNOLOGY)",Department of Defense,Department of the Army,DELIVERY ORDER,2025-03-14,2026-03-13,2025-07-30,CONT_AWD_47QFCA25F0006_4732_47QFCA20D0004_4732,2025-03-14,47QFCA
47QFSA25F0015,2025-02-12,ANALYTIC DESIGNS INC,2380952.39,ICOSYSTEM TECHNICAL TRAINING SUPPORT,1460,1257,>60,47QFSA25Q0008,NEGOTIATED PROPOSAL/QUOTE,FULL AND OPEN COMPETITION AFTER EXCLUSION OF SOURCES,,FIRM FIXED PRICE,,ACCTG DISB STA NR 387700,AC33 NATIONAL DEFENSE R&D SERVICES; DEFENSE-RELATED ACTIVITIES; EXPERIMENTAL DEVELOPMENT,"541715 RESEARCH AND DEVELOPMENT IN THE PHYSICAL, ENGINEERING, AND LIFE SCIENCES (EXCEPT NANOTECHNOLOGY AND BIOTECHNOLOGY)",Department of Defense,Department of the Air Force,DELIVERY ORDER,2025-02-12,2029-02-11,2025-02-13,CONT_AWD_47QFSA25F0015_4732_47QFSA24D0003_4732,2025-02-12,47QFSA
47QFSA25F0039,2025-07-21,ANALYTIC DESIGNS INC,523775.27,RAPID TECHNOLOGY INTEGRATION CENTER ARTIFACT SUPPORT (RTFACT),364,321,>60,47QFSA25Q0027,NEGOTIATED PROPOSAL/QUOTE,FULL AND OPEN COMPETITION AFTER EXCLUSION OF SOURCES,,FIRM FIXED PRICE,,NAVAL INTELLIGENCE ACTIVITY,AC33 NATIONAL DEFENSE R&D SERVICES; DEFENSE-RELATED ACTIVITIES; EXPERIMENTAL DEVELOPMENT,"541715 RESEARCH AND DEVELOPMENT IN THE PHYSICAL, ENGINEERING, AND LIFE SCIENCES (EXCEPT NANOTECHNOLOGY AND BIOTECHNOLOGY)",Department of Defense,Department of the Navy,DELIVERY ORDER,2025-07-22,2026-07-21,2025-07-22,CONT_AWD_47QFSA25F0039_4732_47QFSA24D0003_4732,2025-07-21,47QFSA
FA205725FB009,2025-04-25,"ICR, INC.",2210187.0,ACCELERATED SPECIAL PROGRAMS FOR EMERGENT NEEDS (ASPEN):  DELIVERY ORDER 20 - (DO-20): SMOOTHAMBLER,364,231,>60,,ONLY ONE SOURCE,NOT COMPETED,,COST PLUS FIXED FEE,,NAVY CYBER WARFARE DEVELOPMENT GRP,AC33 NATIONAL DEFENSE R&D SERVICES; DEFENSE-RELATED ACTIVITIES; EXPERIMENTAL DEVELOPMENT,541511 CUSTOM COMPUTER PROGRAMMING SERVICES,Department of Defense,Department of the Navy,DELIVERY ORDER,2025-04-23,2026-04-22,2025-05-13,CONT_AWD_FA205725FB009_9700_FA872622DB001_9700,2025-04-25,FA2057
FA205725FB017,2025-05-30,"ICR, INC.",853621.0,ACCELERATED SPECIAL PROGRAMS FOR EMERGENT NEEDS (ASPEN) - FA8726-22-D-B001:  DEVELOPMENT OF INTELLIGENCE AND CYBER AGILE SOFTWARE TOOLS - JNWC SUPPORTDELIVERY ORDER 21 - (DO-21): PRINCARA,364,270,>60,,ONLY ONE SOURCE,NOT COMPETED,,COST PLUS FIXED FEE,,F2KJNC S4S JNWC,AC33 NATIONAL DEFENSE R&D SERVICES; DEFENSE-RELATED ACTIVITIES; EXPERIMENTAL DEVELOPMENT,541511 CUSTOM COMPUTER PROGRAMMING SERVICES,Department of Defense,Department of the Air Force,DELIVERY ORDER,2025-06-01,2026-05-31,2025-06-04,CONT_AWD_FA205725FB017_9700_FA872622DB001_9700,2025-05-30,FA2057
FA240125C0005,2025-04-22,SCIENCE APPLICATIONS INTERNATIONAL CORPORATION,6000000.0,SDA PWSA TRANCHE 3  PROGRAM INTEGRATION  (T3PI) - DEVELOPMENT AND SYSTEMS ENGINEERING/INTEGRATION ACTIVITIES ENABLING THE DELIVERY OF SDA T3 GROUND AND SPACE VEHICLES,1825,1700,>60,,NEGOTIATED PROPOSAL/QUOTE,FULL AND OPEN COMPETITION,5,COST PLUS AWARD FEE,NO SET ASIDE USED.,F1AFM1 USSF SDA,AC33 NATIONAL DEFENSE R&D SERVICES; DEFENSE-RELATED ACTIVITIES; EXPERIMENTAL DEVELOPMENT,"541715 RESEARCH AND DEVELOPMENT IN THE PHYSICAL, ENGINEERING, AND LIFE SCIENCES (EXCEPT NANOTECHNOLOGY AND BIOTECHNOLOGY)",Department of Defense,Department of the Air Force,DEFINITIVE CONTRACT,2025-05-01,2030-04-30,2025-05-07,CONT_AWD_FA240125C0005_9700_-NONE-_-NONE-,2025-04-22,FA2401
FA680025F0006,2025-05-29,SMALL BUSINESS CONSULTING CORPORATION,2000000.0,"CEI-RADS TASK ORDER 3 LEADERSHIP EDUCATION AND WARGAMING SUPPORT - LEVERAGE ANALYTICAL METHODS AND NOVEL BUSINESS PROCESSES THAT DERIVE, EXTEND OR COMPLETE THE TECHNOLOGIES, METHODS AND PROCESSES DEVELOPED UNDER THE SBIR PHASE II CONTRACT.",364,272,>60,,ONLY ONE SOURCE,NOT AVAILABLE FOR COMPETITION,,LABOR HOURS,,AFGS DPCC,AC33 NATIONAL DEFENSE R&D SERVICES; DEFENSE-RELATED ACTIVITIES; EXPERIMENTAL DEVELOPMENT,"541715 RESEARCH AND DEVELOPMENT IN THE PHYSICAL, ENGINEERING, AND LIFE SCIENCES (EXCEPT NANOTECHNOLOGY AND BIOTECHNOLOGY)",Department of Defense,Department of the Air Force,DELIVERY ORDER,2025-06-03,2026-06-02,2025-05-29,CONT_AWD_FA680025F0006_9700_FA680025D0001_9700,2025-05-29,FA6800
FA680025P0001,2025-04-23,SLNT INC,1799156.13,SBIR PHII SLINT COMMERCIAL TECHNOLOGIES FOR EMP HARDENING AND ELECTRICAL SYSTEM PROTECTION,821,693,>60,,NEGOTIATED PROPOSAL/QUOTE,FULL AND OPEN COMPETITION AFTER EXCLUSION OF SOURCES,999,FIRM FIXED PRICE,SMALL BUSINESS SET ASIDE - TOTAL,AFGS DPCC,AC33 NATIONAL DEFENSE R&D SERVICES; DEFENSE-RELATED ACTIVITIES; EXPERIMENTAL DEVELOPMENT,"541715 RESEARCH AND DEVELOPMENT IN THE PHYSICAL, ENGINEERING, AND LIFE SCIENCES (EXCEPT NANOTECHNOLOGY AND BIOTECHNOLOGY)",Department of Defense,Department of the Air Force,PURCHASE ORDER,2025-04-28,2027-07-28,2025-04-23,CONT_AWD_FA680025P0001_9700_-NONE-_-NONE-,2025-04-23,FA6800
FA680025P0002,2025-04-30,"OTS ACQUISITION GROUP, LLC",1458021.68,SBIR PHASE II-OTS_EMP HARDENING AND ELECTRICAL SYSTEM PROTECTION,668,543,>60,,NEGOTIATED PROPOSAL/QUOTE,FULL AND OPEN COMPETITION AFTER EXCLUSION OF SOURCES,999,FIRM FIXED PRICE,SMALL BUSINESS SET ASIDE - TOTAL,F4FBEQ AFRL RGF,AC33 NATIONAL DEFENSE R&D SERVICES; DEFENSE-RELATED ACTIVITIES; EXPERIMENTAL DEVELOPMENT,"541715 RESEARCH AND DEVELOPMENT IN THE PHYSICAL, ENGINEERING, AND LIFE SCIENCES (EXCEPT NANOTECHNOLOGY AND BIOTECHNOLOGY)",Department of Defense,Department of the Air Force,PURCHASE ORDER,2025-05-01,2027-02-28,2025-04-30,CONT_AWD_FA680025P0002_9700_-NONE-_-NONE-,2025-04-30,FA6800
FA680025P0003,2025-05-01,"SAFEFLIGHTS, INC.",1799900.34,SBIR PHII AWARD READINESS SPARES PACKAGE (RSP) OPTIMIZATION AFWERX TOPIC: AF 233-0035,821,697,>60,,NEGOTIATED PROPOSAL/QUOTE,FULL AND OPEN COMPETITION AFTER EXCLUSION OF SOURCES,999,FIRM FIXED PRICE,SMALL BUSINESS SET ASIDE - TOTAL,AFGS DPCC,AC33 NATIONAL DEFENSE R&D SERVICES; DEFENSE-RELATED ACTIVITIES; EXPERIMENTAL DEVELOPMENT,"541715 RESEARCH AND DEVELOPMENT IN THE PHYSICAL, ENGINEERING, AND LIFE SCIENCES (EXCEPT NANOTECHNOLOGY AND BIOTECHNOLOGY)",Department of Defense,Department of the Air Force,PURCHASE ORDER,2025-05-02,2027-08-01,2025-05-01,CONT_AWD_FA680025P0003_9700_-NONE-_-NONE-,2025-05-01,FA6800
FA680025P0005,2025-05-05,VIRTUALITICS INC,1720000.0,SBIR PHII VIRTUALITICS READINESS SPARES PACKAGE (RSP) OPTIMIZATION F2-18408,763,643,>60,,NEGOTIATED PROPOSAL/QUOTE,FULL AND OPEN COMPETITION AFTER EXCLUSION OF SOURCES,999,FIRM FIXED PRICE,SMALL BUSINESS SET ASIDE - TOTAL,AFGS DPCC,AC33 NATIONAL DEFENSE R&D SERVICES; DEFENSE-RELATED ACTIVITIES; EXPERIMENTAL DEVELOPMENT,"541715 RESEARCH AND DEVELOPMENT IN THE PHYSICAL, ENGINEERING, AND LIFE SCIENCES (EXCEPT NANOTECHNOLOGY AND BIOTECHNOLOGY)",Department of Defense,Department of the Air Force,PURCHASE ORDER,2025-05-06,2027-06-08,2025-05-05,CONT_AWD_FA680025P0005_9700_-NONE-_-NONE-,2025-05-05,FA6800
FA857125C0024,2025-04-10,RGBSI AEROSPACE & DEFENSE LLC,1975704.85,"SBIR - PH3 - TOPIC DLA232-001, DIGITAL SUSTAINMENT PLATFORM: LEVERAGING DSP INTEGRATED CAPABILITIES TO RESOLVEDLA (NO BID) SOURCING ISSUES",364,218,>60,,NEGOTIATED PROPOSAL/QUOTE,FULL AND OPEN COMPETITION AFTER EXCLUSION OF SOURCES,1,FIRM FIXED PRICE,NO SET ASIDE USED.,F3QCAM AFSC ENRW,AC33 NATIONAL DEFENSE R&D SERVICES; DEFENSE-RELATED ACTIVITIES; EXPERIMENTAL DEVELOPMENT,"541715 RESEARCH AND DEVELOPMENT IN THE PHYSICAL, ENGINEERING, AND LIFE SCIENCES (EXCEPT NANOTECHNOLOGY AND BIOTECHNOLOGY)",Department of Defense,Department of the Air Force,DEFINITIVE CONTRACT,2025-04-10,2026-04-09,2025-04-10,CONT_AWD_FA857125C0024_9700_-NONE-_-NONE-,2025-04-10,FA8571
FA882025CB004,2025-05-16,"LEOLABS FEDERAL, INC.",8678000.0,OPEN TOPIC NO. AFX236-DPCS01 - SEQUENTIAL PHASE II PROPOSAL F2-18968: ADVANCED ULTRA-HIGH FREQUENCY PHASED ARRAY RADAR. STRATFI FOLLOW-ON TO DIRECT TO PHASE II AWARD FA8649-23-P-1049,364,261,>60,,NEGOTIATED PROPOSAL/QUOTE,FULL AND OPEN COMPETITION AFTER EXCLUSION OF SOURCES,1,FIRM FIXED PRICE,SMALL BUSINESS SET ASIDE - TOTAL,F4FBEQ AFRL RGF,AC33 NATIONAL DEFENSE R&D SERVICES; DEFENSE-RELATED ACTIVITIES; EXPERIMENTAL DEVELOPMENT,"541715 RESEARCH AND DEVELOPMENT IN THE PHYSICAL, ENGINEERING, AND LIFE SCIENCES (EXCEPT NANOTECHNOLOGY AND BIOTECHNOLOGY)",Department of Defense,Department of the Air Force,DEFINITIVE CONTRACT,2025-05-23,2026-05-22,2025-05-19,CONT_AWD_FA882025CB004_9700_-NONE-_-NONE-,2025-05-16,FA8820
FA945125CX002,2024-10-21,THE BOEING COMPANY,28574965.54,"STARFIRE ELECTRO-OPTICS, LASER LAB ADVANCEMENT (STELLA)",1825,1508,>60,,ONLY ONE SOURCE,NOT COMPETED,1,COST PLUS FIXED FEE,NO SET ASIDE USED.,AFRL RDS SOR,AC33 NATIONAL DEFENSE R&D SERVICES; DEFENSE-RELATED ACTIVITIES; EXPERIMENTAL DEVELOPMENT,"541715 RESEARCH AND DEVELOPMENT IN THE PHYSICAL, ENGINEERING, AND LIFE SCIENCES (EXCEPT NANOTECHNOLOGY AND BIOTECHNOLOGY)",Department of Defense,Department of the Air Force,DEFINITIVE CONTRACT,2024-10-21,2029-10-20,2025-05-07,CONT_AWD_FA945125CX002_9700_-NONE-_-NONE-,2024-10-21,FA9451
FA945125FX004,2025-02-20,"KBR WYLE SERVICES, LLC",2412996.67,"AF MAUI OPTICAL SUPERCOMPUTING ADVANCED SPACE, TECHNOLOGY, RESEARCH AND OPTIMIZATION (ASTRO). OPERATIONS ASTRO TASK ORDER 1",1194,1045,>60,FA945122R1000,NEGOTIATED PROPOSAL/QUOTE,FULL AND OPEN COMPETITION,,COST PLUS FIXED FEE,,F2KBAH AFRL DET 15 MAUI AFRL RDSM,AC33 NATIONAL DEFENSE R&D SERVICES; DEFENSE-RELATED ACTIVITIES; EXPERIMENTAL DEVELOPMENT,"541715 RESEARCH AND DEVELOPMENT IN THE PHYSICAL, ENGINEERING, AND LIFE SCIENCES (EXCEPT NANOTECHNOLOGY AND BIOTECHNOLOGY)",Department of Defense,Department of the Air Force,DELIVERY ORDER,2025-04-07,2028-07-14,2025-06-04,CONT_AWD_FA945125FX004_9700_FA945125DX001_9700,2025-02-20,FA9451
FA945125FX005,2025-02-20,"KBR WYLE SERVICES, LLC",3517082.0,"AF MAUI OPTICAL AND SUPERCOMPUTING (AMOS) ADVANCED SPACE, TECHNOLOGY, RESEARCH AND OPTIMIZATION (ASTRO). MAINTENANCE ASTRO TASK ORDER 2",1194,1045,>60,FA945122R1000,NEGOTIATED PROPOSAL/QUOTE,FULL AND OPEN COMPETITION,,COST PLUS FIXED FEE,,F2KBAH AFRL DET 15 MAUI AFRL RDSM,AC33 NATIONAL DEFENSE R&D SERVICES; DEFENSE-RELATED ACTIVITIES; EXPERIMENTAL DEVELOPMENT,"541715 RESEARCH AND DEVELOPMENT IN THE PHYSICAL, ENGINEERING, AND LIFE SCIENCES (EXCEPT NANOTECHNOLOGY AND BIOTECHNOLOGY)",Department of Defense,Department of the Air Force,DELIVERY ORDER,2025-04-07,2028-07-14,2025-06-04,CONT_AWD_FA945125FX005_9700_FA945125DX001_9700,2025-02-20,FA9451
FA945125FX006,2025-02-20,"KBR WYLE SERVICES, LLC",74100.0,"AF MAUI OPTICAL AND SUPERCOMPUTING (AMOS) ADVANCED SPACE, TECHNOLOGY, RESEARCH AND OPTIMIZATION (ASTRO). PROJECTS AND MODERNIZATION ASTRO TASK ORDER 3.",828,679,>60,FA945122R1000,NEGOTIATED PROPOSAL/QUOTE,FULL AND OPEN COMPETITION,,COST PLUS FIXED FEE,,F2KBAH AFRL DET 15 MAUI AFRL RDSM,AC33 NATIONAL DEFENSE R&D SERVICES; DEFENSE-RELATED ACTIVITIES; EXPERIMENTAL DEVELOPMENT,"541715 RESEARCH AND DEVELOPMENT IN THE PHYSICAL, ENGINEERING, AND LIFE SCIENCES (EXCEPT NANOTECHNOLOGY AND BIOTECHNOLOGY)",Department of Defense,Department of the Air Force,DELIVERY ORDER,2025-04-07,2027-07-14,2025-06-04,CONT_AWD_FA945125FX006_9700_FA945125DX001_9700,2025-02-20,FA9451
FA945325FX016,2025-03-07,"KBR WYLE SERVICES, LLC",382000.0,BRINGING RESPONSIVE OPERATION THROUGH NOVEL COMPUTING ON-DEMAND (BRONCO) II,364,185,>60,,NEGOTIATED PROPOSAL/QUOTE,FULL AND OPEN COMPETITION,,COST PLUS FIXED FEE,,AFRL RVF,AC33 NATIONAL DEFENSE R&D SERVICES; DEFENSE-RELATED ACTIVITIES; EXPERIMENTAL DEVELOPMENT,541511 CUSTOM COMPUTER PROGRAMMING SERVICES,Department of Defense,Department of the Air Force,DELIVERY ORDER,2025-03-08,2026-03-07,2025-03-12,CONT_AWD_FA945325FX016_9700_FA945324DX002_9700,2025-03-07,FA9453
FA945325FX019,2025-03-25,"KBR WYLE SERVICES, LLC",1000000.0,LEAN-AGILE SOFTWARE DEVELOPMENT TO PROACTIVELY DELIVER THE IRIS APPLICATION,364,203,>60,,NEGOTIATED PROPOSAL/QUOTE,FULL AND OPEN COMPETITION,,COST PLUS FIXED FEE,,F2TS2A SMC LE,AC33 NATIONAL DEFENSE R&D SERVICES; DEFENSE-RELATED ACTIVITIES; EXPERIMENTAL DEVELOPMENT,541511 CUSTOM COMPUTER PROGRAMMING SERVICES,Department of Defense,Department of the Air Force,DELIVERY ORDER,2025-03-26,2026-03-25,2025-04-22,CONT_AWD_FA945325FX019_9700_FA945324DX002_9700,2025-03-25,FA9453
HDTRA125C0004,2025-02-05,AERIS LLC,1343305.0,NEXT GENERATION MULTI-SCALE CHEMICAL AND BIOLOGICAL HAZARD TRANSPORT AND DISPERSION MODEL,364,159,>60,HDTRA122S0002,NEGOTIATED PROPOSAL/QUOTE,FULL AND OPEN COMPETITION,1,COST PLUS FIXED FEE,NO SET ASIDE USED.,DEFENSE THREAT REDUCTION AGENCY,AC33 NATIONAL DEFENSE R&D SERVICES; DEFENSE-RELATED ACTIVITIES; EXPERIMENTAL DEVELOPMENT,"541715 RESEARCH AND DEVELOPMENT IN THE PHYSICAL, ENGINEERING, AND LIFE SCIENCES (EXCEPT NANOTECHNOLOGY AND BIOTECHNOLOGY)",Department of Defense,Defense Threat Reduction Agency,DEFINITIVE CONTRACT,2025-02-10,2026-02-09,2025-05-22,CONT_AWD_HDTRA125C0004_9700_-NONE-_-NONE-,2025-02-05,HDTRA1
HDTRA125C0005,2024-12-03,AERIS LLC,1152211.86,MULTI ECHELON TACTICAL OPERATIONAL RESPONSE (MENTOR),364,89,>60,HDTRA122S0002,NEGOTIATED PROPOSAL/QUOTE,FULL AND OPEN COMPETITION AFTER EXCLUSION OF SOURCES,7,COST PLUS FIXED FEE,SMALL BUSINESS SET ASIDE - TOTAL,DEFENSE THREAT REDUCTION AGENCY,AC33 NATIONAL DEFENSE R&D SERVICES; DEFENSE-RELATED ACTIVITIES; EXPERIMENTAL DEVELOPMENT,"541715 RESEARCH AND DEVELOPMENT IN THE PHYSICAL, ENGINEERING, AND LIFE SCIENCES (EXCEPT NANOTECHNOLOGY AND BIOTECHNOLOGY)",Department of Defense,Defense Threat Reduction Agency,DEFINITIVE CONTRACT,2024-12-02,2025-12-01,2025-05-21,CONT_AWD_HDTRA125C0005_9700_-NONE-_-NONE-,2024-12-03,HDTRA1
HDTRA125C0006,2024-10-02,SALTENNA INC.,1099980.2,SUBTERRANEAN WIRELESS COMMUNICATIONS FOR COUNTER-WMD MISSIONS - SBIR PHASE II,735,399,>60,,NEGOTIATED PROPOSAL/QUOTE,FULL AND OPEN COMPETITION AFTER EXCLUSION OF SOURCES,1,FIRM FIXED PRICE,SMALL BUSINESS SET ASIDE - TOTAL,DEFENSE THREAT REDUCTION AGENCY,AC33 NATIONAL DEFENSE R&D SERVICES; DEFENSE-RELATED ACTIVITIES; EXPERIMENTAL DEVELOPMENT,"541715 RESEARCH AND DEVELOPMENT IN THE PHYSICAL, ENGINEERING, AND LIFE SCIENCES (EXCEPT NANOTECHNOLOGY AND BIOTECHNOLOGY)",Department of Defense,Defense Threat Reduction Agency,DEFINITIVE CONTRACT,2024-10-02,2026-10-07,2024-10-02,CONT_AWD_HDTRA125C0006_9700_-NONE-_-NONE-,2024-10-02,HDTRA1
HDTRA125C0007,2025-02-25,"PARABON NANOLABS, INC.",1099912.0,SMALL BUSINESS INNOVATION RESEARCH PHASE II - A SYSTEM FOR ENGINEERING NANOCARRIERS ABLE TO TRANSPORT CARGO ACROSS THE BLOOD-BRAIN BARRIER.,730,540,>60,,NEGOTIATED PROPOSAL/QUOTE,FULL AND OPEN COMPETITION AFTER EXCLUSION OF SOURCES,1,FIRM FIXED PRICE,SMALL BUSINESS SET ASIDE - TOTAL,DEFENSE THREAT REDUCTION AGENCY,AC33 NATIONAL DEFENSE R&D SERVICES; DEFENSE-RELATED ACTIVITIES; EXPERIMENTAL DEVELOPMENT,"541715 RESEARCH AND DEVELOPMENT IN THE PHYSICAL, ENGINEERING, AND LIFE SCIENCES (EXCEPT NANOTECHNOLOGY AND BIOTECHNOLOGY)",Department of Defense,Defense Threat Reduction Agency,DEFINITIVE CONTRACT,2025-02-25,2027-02-25,2025-02-25,CONT_AWD_HDTRA125C0007_9700_-NONE-_-NONE-,2025-02-25,HDTRA1
HDTRA125F0001,2024-12-04,"APPLIED RESEARCH ASSOCIATES, INC.",19096818.0,DTRA TECHNICAL REACHBACK SERVICES,1825,1556,>60,HDTRA118R0025,NEGOTIATED PROPOSAL/QUOTE,FULL AND OPEN COMPETITION,,COST PLUS FIXED FEE,,DEFENSE THREAT REDUCTION AGENCY,AC33 NATIONAL DEFENSE R&D SERVICES; DEFENSE-RELATED ACTIVITIES; EXPERIMENTAL DEVELOPMENT,"541990 ALL OTHER PROFESSIONAL, SCIENTIFIC, AND TECHNICAL SERVICES",Department of Defense,Defense Threat Reduction Agency,DELIVERY ORDER,2024-12-08,2029-12-07,2025-04-21,CONT_AWD_HDTRA125F0001_9700_HDTRA119D0007_9700,2024-12-04,HDTRA1
HDTRA125FE002,2025-04-24,"APPLIED RESEARCH ASSOCIATES, INC.",608542.0,"THE CONTRACTOR SHALL PROVIDE SUPPORT AS SET FORTH IN ATTACHMENT 1, STATEMENT OF WORK",364,239,>60,HDTRA125R0003,SUBJECT TO MULTIPLE AWARD FAIR OPPORTUNITY,FULL AND OPEN COMPETITION,3,COST PLUS FIXED FEE,,DEFENSE THREAT REDUCTION AGENCY,AC33 NATIONAL DEFENSE R&D SERVICES; DEFENSE-RELATED ACTIVITIES; EXPERIMENTAL DEVELOPMENT,"541715 RESEARCH AND DEVELOPMENT IN THE PHYSICAL, ENGINEERING, AND LIFE SCIENCES (EXCEPT NANOTECHNOLOGY AND BIOTECHNOLOGY)",Department of Defense,Defense Threat Reduction Agency,DELIVERY ORDER,2025-05-01,2026-04-30,2025-04-24,CONT_AWD_HDTRA125FE002_9700_HDTRA124D0002_9700,2025-04-24,HDTRA1
HDTRA125FE003,2025-04-15,"LEIDOS, INC.",0.0,STRENGTHENING FUTURE ARMS CONTROL MODELING AND ANALYSIS,0,-125,Ended,HDTRA125R0003,SUBJECT TO MULTIPLE AWARD FAIR OPPORTUNITY,FULL AND OPEN COMPETITION,3,COST PLUS FIXED FEE,,DEFENSE THREAT REDUCTION AGENCY,AC33 NATIONAL DEFENSE R&D SERVICES; DEFENSE-RELATED ACTIVITIES; EXPERIMENTAL DEVELOPMENT,"541715 RESEARCH AND DEVELOPMENT IN THE PHYSICAL, ENGINEERING, AND LIFE SCIENCES (EXCEPT NANOTECHNOLOGY AND BIOTECHNOLOGY)",Department of Defense,Defense Threat Reduction Agency,DELIVERY ORDER,2025-05-01,2025-05-01,2025-05-01,CONT_AWD_HDTRA125FE003_9700_HDTRA124D0004_9700,2025-04-15,HDTRA1
HDTRA125FE004,2025-04-14,"APPLIED RESEARCH ASSOCIATES, INC.",1080211.39,HAZARD PREDICTION AND ASSESSMENT CAPABILITY INTEGRATION,364,223,>60,HDTRA124R0099,SUBJECT TO MULTIPLE AWARD FAIR OPPORTUNITY,FULL AND OPEN COMPETITION,3,COST PLUS FIXED FEE,,DEFENSE THREAT REDUCTION AGENCY,AC33 NATIONAL DEFENSE R&D SERVICES; DEFENSE-RELATED ACTIVITIES; EXPERIMENTAL DEVELOPMENT,"541715 RESEARCH AND DEVELOPMENT IN THE PHYSICAL, ENGINEERING, AND LIFE SCIENCES (EXCEPT NANOTECHNOLOGY AND BIOTECHNOLOGY)",Department of Defense,Defense Threat Reduction Agency,DELIVERY ORDER,2025-04-15,2026-04-14,2025-04-14,CONT_AWD_HDTRA125FE004_9700_HDTRA124D0002_9700,2025-04-14,HDTRA1
HDTRA125FE013,2025-04-11,SOUTHWEST RESEARCH INSTITUTE,250000.0,"THE PURPOSE FOR THIS REQUIREMENT IS TO PROVIDE ENGINEERING AND TECHNICAL SUPPORT TO PROCURE, DESIGN, DEVELOP AND HOST TEST ARTICLES THAT WILL AIDE IN THE VERIFICATION AND VALIDATION OF RESEARCH AND DEVELOPMENT CAPABILITIES FOR PROJECT SIREN.",364,223,>60,HDTRA125RE010,ONLY ONE SOURCE,NOT COMPETED,,COST PLUS FIXED FEE,,DEFENSE THREAT REDUCTION AGENCY,AC33 NATIONAL DEFENSE R&D SERVICES; DEFENSE-RELATED ACTIVITIES; EXPERIMENTAL DEVELOPMENT,"541715 RESEARCH AND DEVELOPMENT IN THE PHYSICAL, ENGINEERING, AND LIFE SCIENCES (EXCEPT NANOTECHNOLOGY AND BIOTECHNOLOGY)",Department of Defense,Defense Threat Reduction Agency,DELIVERY ORDER,2025-04-15,2026-04-14,2025-04-11,CONT_AWD_HDTRA125FE013_9700_HDTRA118D0002_9700,2025-04-11,HDTRA1
HDTRA125FE020,2025-05-13,"LEIDOS, INC.",627662.0,STRENGTHENING FUTURE ARMS CONTROL (SFAC) MODELING AND ANALYSIS,364,253,>60,HDTRA125R0003,SUBJECT TO MULTIPLE AWARD FAIR OPPORTUNITY,FULL AND OPEN COMPETITION,3,COST PLUS FIXED FEE,,DEFENSE THREAT REDUCTION AGENCY,AC33 NATIONAL DEFENSE R&D SERVICES; DEFENSE-RELATED ACTIVITIES; EXPERIMENTAL DEVELOPMENT,"541715 RESEARCH AND DEVELOPMENT IN THE PHYSICAL, ENGINEERING, AND LIFE SCIENCES (EXCEPT NANOTECHNOLOGY AND BIOTECHNOLOGY)",Department of Defense,Defense Threat Reduction Agency,DELIVERY ORDER,2025-05-15,2026-05-14,2025-05-13,CONT_AWD_HDTRA125FE020_9700_HDTRA124D0008_9700,2025-05-13,HDTRA1
HDTRA125P0001,2024-10-23,INFERLINK CORP,167500.0,SMALL BUSINESS INNOVATION RESEARCH PHASE I - USING GENERATIVE LARGE LANGUAGE MODELS TO EXTRACT PATHWAYS FROM THE SCIENTIFIC LITERATURE,211,-103,Ended,,NEGOTIATED PROPOSAL/QUOTE,FULL AND OPEN COMPETITION AFTER EXCLUSION OF SOURCES,17,FIRM FIXED PRICE,SMALL BUSINESS SET ASIDE - TOTAL,DEFENSE THREAT REDUCTION AGENCY,AC33 NATIONAL DEFENSE R&D SERVICES; DEFENSE-RELATED ACTIVITIES; EXPERIMENTAL DEVELOPMENT,"541715 RESEARCH AND DEVELOPMENT IN THE PHYSICAL, ENGINEERING, AND LIFE SCIENCES (EXCEPT NANOTECHNOLOGY AND BIOTECHNOLOGY)",Department of Defense,Defense Threat Reduction Agency,PURCHASE ORDER,2024-10-24,2025-05-23,2024-10-23,CONT_AWD_HDTRA125P0001_9700_-NONE-_-NONE-,2024-10-23,HDTRA1
HDTRA125P0002,2024-10-21,KNOWLEDGE BASED SYSTEMS INC,167500.0,SMALL BUSINESS INNOVATION RESEARCH PHASE I - PATHFINDER DEEP LEARNING,211,-106,Ended,,NEGOTIATED PROPOSAL/QUOTE,FULL AND OPEN COMPETITION AFTER EXCLUSION OF SOURCES,17,FIRM FIXED PRICE,SMALL BUSINESS SET ASIDE - TOTAL,DEFENSE THREAT REDUCTION AGENCY,AC33 NATIONAL DEFENSE R&D SERVICES; DEFENSE-RELATED ACTIVITIES; EXPERIMENTAL DEVELOPMENT,"541715 RESEARCH AND DEVELOPMENT IN THE PHYSICAL, ENGINEERING, AND LIFE SCIENCES (EXCEPT NANOTECHNOLOGY AND BIOTECHNOLOGY)",Department of Defense,Defense Threat Reduction Agency,PURCHASE ORDER,2024-10-21,2025-05-20,2024-10-21,CONT_AWD_HDTRA125P0002_9700_-NONE-_-NONE-,2024-10-21,HDTRA1
HDTRA125P0005,2024-10-24,SPECTRAL ENERGIES LLC,167265.0,SMALL BUSINESS INNOVATION FOR MULTIPARAMETER DIAGNOSTICS AND MODELING OF CHEMICAL REACTIONS IN DUST AND DEBRIS LADEN ENVIRONMENTS,211,-100,Ended,,NEGOTIATED PROPOSAL/QUOTE,FULL AND OPEN COMPETITION AFTER EXCLUSION OF SOURCES,6,FIRM FIXED PRICE,SMALL BUSINESS SET ASIDE - TOTAL,DEFENSE THREAT REDUCTION AGENCY,AC33 NATIONAL DEFENSE R&D SERVICES; DEFENSE-RELATED ACTIVITIES; EXPERIMENTAL DEVELOPMENT,"541715 RESEARCH AND DEVELOPMENT IN THE PHYSICAL, ENGINEERING, AND LIFE SCIENCES (EXCEPT NANOTECHNOLOGY AND BIOTECHNOLOGY)",Department of Defense,Defense Threat Reduction Agency,PURCHASE ORDER,2024-10-27,2025-05-26,2024-11-04,CONT_AWD_HDTRA125P0005_9700_-NONE-_-NONE-,2024-10-24,HDTRA1
HDTRA125P0006,2024-11-13,CFD RESEARCH CORPORATION,167408.0,MEASUREMENT AND MODELING OF DETONATION THROUGH DUSTY ENVIRONMENTS,211,-83,Ended,,NEGOTIATED PROPOSAL/QUOTE,FULL AND OPEN COMPETITION AFTER EXCLUSION OF SOURCES,6,FIRM FIXED PRICE,SMALL BUSINESS SET ASIDE - TOTAL,DEFENSE THREAT REDUCTION AGENCY,AC33 NATIONAL DEFENSE R&D SERVICES; DEFENSE-RELATED ACTIVITIES; EXPERIMENTAL DEVELOPMENT,"541715 RESEARCH AND DEVELOPMENT IN THE PHYSICAL, ENGINEERING, AND LIFE SCIENCES (EXCEPT NANOTECHNOLOGY AND BIOTECHNOLOGY)",Department of Defense,Defense Threat Reduction Agency,PURCHASE ORDER,2024-11-13,2025-06-12,2024-11-13,CONT_AWD_HDTRA125P0006_9700_-NONE-_-NONE-,2024-11-13,HDTRA1
HDTRA125PE004,2025-03-20,ARETE ASSOCIATES,173930.56,"SMALL BUSINESS INNOVATION TO DEVELOP A HANDHELD INSTRUMENT THAT, FROM A STANDOFF DISTANCE, CAN DETECT AND IDENTIFY MATERIALS FROM WITHIN A SEALED CONTAINER FOR RD-CXR.",213,46,45-60,,NEGOTIATED PROPOSAL/QUOTE,FULL AND OPEN COMPETITION AFTER EXCLUSION OF SOURCES,7,FIRM FIXED PRICE,SMALL BUSINESS SET ASIDE - TOTAL,DEFENSE THREAT REDUCTION AGENCY,AC33 NATIONAL DEFENSE R&D SERVICES; DEFENSE-RELATED ACTIVITIES; EXPERIMENTAL DEVELOPMENT,"541715 RESEARCH AND DEVELOPMENT IN THE PHYSICAL, ENGINEERING, AND LIFE SCIENCES (EXCEPT NANOTECHNOLOGY AND BIOTECHNOLOGY)",Department of Defense,Defense Threat Reduction Agency,PURCHASE ORDER,2025-03-20,2025-10-19,2025-07-14,CONT_AWD_HDTRA125PE004_9700_-NONE-_-NONE-,2025-03-20,HDTRA1
HDTRA225CE001,2025-04-16,H3D INC,1149996.18,SBIR II_T2-0512_COMMERCIALIZATION OF PEROVSKITE GAMMA-RAY SENSORS FOR THE WARFIGHTER,729,591,>60,,NEGOTIATED PROPOSAL/QUOTE,FULL AND OPEN COMPETITION AFTER EXCLUSION OF SOURCES,1,COST PLUS FIXED FEE,SMALL BUSINESS SET ASIDE - TOTAL,DEFENSE THREAT REDUCTION AGENCY,AC33 NATIONAL DEFENSE R&D SERVICES; DEFENSE-RELATED ACTIVITIES; EXPERIMENTAL DEVELOPMENT,"541715 RESEARCH AND DEVELOPMENT IN THE PHYSICAL, ENGINEERING, AND LIFE SCIENCES (EXCEPT NANOTECHNOLOGY AND BIOTECHNOLOGY)",Department of Defense,Defense Threat Reduction Agency,DEFINITIVE CONTRACT,2025-04-18,2027-04-17,2025-04-17,CONT_AWD_HDTRA225CE001_9700_-NONE-_-NONE-,2025-04-16,HDTRA2
HDTRA225FE004,2025-03-07,"LEIDOS, INC.",5003585.0,DTRA EXPERIMENTATION LAB (DEL) ANALYTICS,365,188,>60,HDTRA225R0006,SUBJECT TO MULTIPLE AWARD FAIR OPPORTUNITY,FULL AND OPEN COMPETITION,2,COST PLUS FIXED FEE,,DEFENSE THREAT REDUCTION AGENCY,AC33 NATIONAL DEFENSE R&D SERVICES; DEFENSE-RELATED ACTIVITIES; EXPERIMENTAL DEVELOPMENT,"541715 RESEARCH AND DEVELOPMENT IN THE PHYSICAL, ENGINEERING, AND LIFE SCIENCES (EXCEPT NANOTECHNOLOGY AND BIOTECHNOLOGY)",Department of Defense,Defense Threat Reduction Agency,DELIVERY ORDER,2025-03-10,2026-03-10,2025-05-01,CONT_AWD_HDTRA225FE004_9700_HDTRA124D0004_9700,2025-03-07,HDTRA2
HDTRA225PE002,2025-06-03,"KARAGOZIAN & CASE, INC.",199980.98,"THIS SBIR TOPIC IS TO DEVELOP NEW EXPERIMENTS, DIAGNOSTICS, AND ACCOMPANYING MODELING AND SIMULATION TO DETERMINE THE AMOUNT OF DUST AND DEBRIS GENERATED IN A WEAPON STRIKE ON RESPONDING SURFACES IN ACCORDANCE WITH THE ATTACHED STATEMENT OF WORK.",213,122,>60,,NEGOTIATED PROPOSAL/QUOTE,FULL AND OPEN COMPETITION AFTER EXCLUSION OF SOURCES,16,FIRM FIXED PRICE,SMALL BUSINESS SET ASIDE - TOTAL,DEFENSE THREAT REDUCTION AGENCY,AC33 NATIONAL DEFENSE R&D SERVICES; DEFENSE-RELATED ACTIVITIES; EXPERIMENTAL DEVELOPMENT,"541715 RESEARCH AND DEVELOPMENT IN THE PHYSICAL, ENGINEERING, AND LIFE SCIENCES (EXCEPT NANOTECHNOLOGY AND BIOTECHNOLOGY)",Department of Defense,Defense Threat Reduction Agency,PURCHASE ORDER,2025-06-04,2026-01-03,2025-06-03,CONT_AWD_HDTRA225PE002_9700_-NONE-_-NONE-,2025-06-03,HDTRA2
HDTRA225PE003,2025-04-30,H3D INC,174000.0,LOW-MASS SOLID-STATE NEUTRON COINCIDENCE COUNTER RESEARCH,214,93,>60,,NEGOTIATED PROPOSAL/QUOTE,FULL AND OPEN COMPETITION AFTER EXCLUSION OF SOURCES,2,FIRM FIXED PRICE,SMALL BUSINESS SET ASIDE - TOTAL,DEFENSE THREAT REDUCTION AGENCY,AC33 NATIONAL DEFENSE R&D SERVICES; DEFENSE-RELATED ACTIVITIES; EXPERIMENTAL DEVELOPMENT,"541715 RESEARCH AND DEVELOPMENT IN THE PHYSICAL, ENGINEERING, AND LIFE SCIENCES (EXCEPT NANOTECHNOLOGY AND BIOTECHNOLOGY)",Department of Defense,Defense Threat Reduction Agency,PURCHASE ORDER,2025-05-05,2025-12-05,2025-07-30,CONT_AWD_HDTRA225PE003_9700_-NONE-_-NONE-,2025-04-30,HDTRA2
HDTRA225PE007,2025-05-27,CFD RESEARCH CORPORATION,199917.86,SBIR PHASE I T24B-002-0073 QUANTIFICATION OF CUMULATIVE BLAST DOSE TO SERVICE MEMBERS FROM WEAPON FIRING IN TRAINING AND COMBAT IN ACCORDANCE WITH THE ATTACHED STATEMENT OF WORK,214,151,>60,,NEGOTIATED PROPOSAL/QUOTE,FULL AND OPEN COMPETITION AFTER EXCLUSION OF SOURCES,23,FIRM FIXED PRICE,SMALL BUSINESS SET ASIDE - TOTAL,DEFENSE THREAT REDUCTION AGENCY,AC33 NATIONAL DEFENSE R&D SERVICES; DEFENSE-RELATED ACTIVITIES; EXPERIMENTAL DEVELOPMENT,"541715 RESEARCH AND DEVELOPMENT IN THE PHYSICAL, ENGINEERING, AND LIFE SCIENCES (EXCEPT NANOTECHNOLOGY AND BIOTECHNOLOGY)",Department of Defense,Defense Threat Reduction Agency,PURCHASE ORDER,2025-07-02,2026-02-01,2025-06-05,CONT_AWD_HDTRA225PE007_9700_-NONE-_-NONE-,2025-05-27,HDTRA2
HDTRA225PE009,2025-06-02,EPITOME RESEARCH AND INNOVATIONS INC.,206397.69,STTR PHASE I_T24C-002-0002_A PERSONAL ARTIFICIAL INTELLIGENCE RADIATION HEALTH PHYSICIST COMPANION FOR RADIOLOGICAL ENVIRONMENTS,213,134,>60,,NEGOTIATED PROPOSAL/QUOTE,FULL AND OPEN COMPETITION AFTER EXCLUSION OF SOURCES,30,FIRM FIXED PRICE,SMALL BUSINESS SET ASIDE - TOTAL,DEFENSE THREAT REDUCTION AGENCY,AC33 NATIONAL DEFENSE R&D SERVICES; DEFENSE-RELATED ACTIVITIES; EXPERIMENTAL DEVELOPMENT,"541715 RESEARCH AND DEVELOPMENT IN THE PHYSICAL, ENGINEERING, AND LIFE SCIENCES (EXCEPT NANOTECHNOLOGY AND BIOTECHNOLOGY)",Department of Defense,Defense Threat Reduction Agency,PURCHASE ORDER,2025-06-16,2026-01-15,2025-06-02,CONT_AWD_HDTRA225PE009_9700_-NONE-_-NONE-,2025-06-02,HDTRA2
HQ072725FE006,2025-03-06,RAYTHEON COMPANY,252822.0,THE ADVANCED TECHNOLOGY SUPPORT PROGRAM (ATSP) CONTRACT ACQUIRES PROGRESSIVE MICROELECTRONIC CAPABILITY SOLUTIONS FOR SOFTWARE.,390,209,>60,,SUBJECT TO MULTIPLE AWARD FAIR OPPORTUNITY,FULL AND OPEN COMPETITION,1,COST PLUS FIXED FEE,,DEFENSE MICROELECTRONICS ACTIVITY,AC33 NATIONAL DEFENSE R&D SERVICES; DEFENSE-RELATED ACTIVITIES; EXPERIMENTAL DEVELOPMENT,541330 ENGINEERING SERVICES,Department of Defense,Defense Microelectronics Activity,DELIVERY ORDER,2025-03-06,2026-03-31,2025-03-24,CONT_AWD_HQ072725FE006_9700_HQ072716D0006_9700,2025-03-06,HQ0727
HQ072725FE016,2025-02-27,RAYTHEON COMPANY,1817881.0,THE ADVANCED TECHNOLOGY SUPPORT PROGRAM (ATSP) CONTRACT ACQUIRES PROGRESSIVE MICROELECTRONIC CAPABILITY SOLUTIONS.,366,178,>60,,SUBJECT TO MULTIPLE AWARD FAIR OPPORTUNITY,FULL AND OPEN COMPETITION,1,COST PLUS FIXED FEE,,DEFENSE MICROELECTRONICS ACTIVITY,AC33 NATIONAL DEFENSE R&D SERVICES; DEFENSE-RELATED ACTIVITIES; EXPERIMENTAL DEVELOPMENT,541330 ENGINEERING SERVICES,Department of Defense,Defense Microelectronics Activity,DELIVERY ORDER,2025-02-27,2026-02-28,2025-02-27,CONT_AWD_HQ072725FE016_9700_HQ072716D0006_9700,2025-02-27,HQ0727
HQ072725FE028,2025-05-21,RAYTHEON COMPANY,2514042.0,THE ADVANCED TECHNOLOGY SUPPORT PROGRAM (ATSP) CONTRACT ACQUIRES PROGRESSIVE MICROELECTRONIC CAPABILITY SOLUTIONS FOR SOFTWARE.,375,270,>60,,SUBJECT TO MULTIPLE AWARD FAIR OPPORTUNITY,FULL AND OPEN COMPETITION,1,COST PLUS FIXED FEE,,F2BDAN AFLCMC HBA,AC33 NATIONAL DEFENSE R&D SERVICES; DEFENSE-RELATED ACTIVITIES; EXPERIMENTAL DEVELOPMENT,541330 ENGINEERING SERVICES,Department of Defense,Department of the Air Force,DELIVERY ORDER,2025-05-21,2026-05-31,2025-05-21,CONT_AWD_HQ072725FE028_9700_HQ072716D0006_9700,2025-05-21,HQ0727
N0001925F0144,2024-11-15,DCS CORPORATION,3278567.85,CMPC ADDITIONAL SOFTWARE DEVELOPMENT,375,75,>60,N0001919R0040,SUBJECT TO MULTIPLE AWARD FAIR OPPORTUNITY,FULL AND OPEN COMPETITION,4,COST PLUS FIXED FEE,,NAVAL AIR SYSTEMS COMMAND,AC33 NATIONAL DEFENSE R&D SERVICES; DEFENSE-RELATED ACTIVITIES; EXPERIMENTAL DEVELOPMENT,541511 CUSTOM COMPUTER PROGRAMMING SERVICES,Department of Defense,Department of the Navy,DELIVERY ORDER,2024-11-07,2025-11-17,2025-05-01,CONT_AWD_N0001925F0144_9700_N0001920D0023_9700,2024-11-15,N00019
N0001925F2063,2025-04-17,NORTHROP GRUMMAN SYSTEMS CORPORATION,1866124.75,CMPC SOFTWARE DEVELOPMENT,1825,1687,>60,N0001919R0040,SUBJECT TO MULTIPLE AWARD FAIR OPPORTUNITY,FULL AND OPEN COMPETITION,4,COST PLUS FIXED FEE,,NAVAL AIR SYSTEMS COMMAND,AC33 NATIONAL DEFENSE R&D SERVICES; DEFENSE-RELATED ACTIVITIES; EXPERIMENTAL DEVELOPMENT,541511 CUSTOM COMPUTER PROGRAMMING SERVICES,Department of Defense,Department of the Navy,DELIVERY ORDER,2025-04-18,2030-04-17,2025-04-17,CONT_AWD_N0001925F2063_9700_N0001920D0024_9700,2025-04-17,N00019
N0001925F2272,2025-04-16,MONTEREY TECHNOLOGIES INC,2615035.0,CMPC SOFTWARE DEVELOPMENT PART D,381,226,>60,N0001925R0039,SUBJECT TO MULTIPLE AWARD FAIR OPPORTUNITY,FULL AND OPEN COMPETITION AFTER EXCLUSION OF SOURCES,1,COST PLUS FIXED FEE,,NAVAL AIR SYSTEMS COMMAND,AC33 NATIONAL DEFENSE R&D SERVICES; DEFENSE-RELATED ACTIVITIES; EXPERIMENTAL DEVELOPMENT,541511 CUSTOM COMPUTER PROGRAMMING SERVICES,Department of Defense,Department of the Navy,DELIVERY ORDER,2025-04-01,2026-04-17,2025-06-03,CONT_AWD_N0001925F2272_9700_N0001920D0029_9700,2025-04-16,N00019
N0016425FJ507,2025-03-05,INDESIGN LLC,1493319.0,ENGINEERING SERVICES FOR SIREN,387,206,>60,,ONLY ONE SOURCE,NOT COMPETED,1,FIRM FIXED PRICE,NO SET ASIDE USED.,DEFENSE THREAT REDUCTION AGENCY,AC33 NATIONAL DEFENSE R&D SERVICES; DEFENSE-RELATED ACTIVITIES; EXPERIMENTAL DEVELOPMENT,541330 ENGINEERING SERVICES,Department of Defense,Defense Threat Reduction Agency,DELIVERY ORDER,2025-03-06,2026-03-28,2025-03-06,CONT_AWD_N0016425FJ507_9700_N0016422GJR85_9700,2025-03-05,N00164
N0017325F2404,2024-12-27,"DEVINE CONSULTING, INC.",1134225.55,ATMOSPHERIC AEROSOL PREDICTION AND APPLICATIONS RESEARCH AND DEVELOPMENT. SEE ATTACHMENT 1 - TASK ORDER SOW,364,114,>60,,NEGOTIATED PROPOSAL/QUOTE,FULL AND OPEN COMPETITION,,COST PLUS FIXED FEE,,NAVAL RESEARCH LABORATORY,AC33 NATIONAL DEFENSE R&D SERVICES; DEFENSE-RELATED ACTIVITIES; EXPERIMENTAL DEVELOPMENT,"541715 RESEARCH AND DEVELOPMENT IN THE PHYSICAL, ENGINEERING, AND LIFE SCIENCES (EXCEPT NANOTECHNOLOGY AND BIOTECHNOLOGY)",Department of Defense,Department of the Navy,DELIVERY ORDER,2024-12-27,2025-12-26,2025-05-07,CONT_AWD_N0017325F2404_9700_N0017325D2404_9700,2024-12-27,N00173
N0017325F2423,2025-03-07,"JENSEN HUGHES, INC.",184860.4,N00173-20-D-2001 TASK ORDER NUMBER 0018 (N00173-25-F-2423) NAVSEA LOCNESS BATTERY COMPARTMENT FIRE HAZARD ANALYSIS (FHA),367,187,>60,,NEGOTIATED PROPOSAL/QUOTE,FULL AND OPEN COMPETITION,,FIRM FIXED PRICE,,NAVAL RESEARCH LABORATORY,AC33 NATIONAL DEFENSE R&D SERVICES; DEFENSE-RELATED ACTIVITIES; EXPERIMENTAL DEVELOPMENT,"541715 RESEARCH AND DEVELOPMENT IN THE PHYSICAL, ENGINEERING, AND LIFE SCIENCES (EXCEPT NANOTECHNOLOGY AND BIOTECHNOLOGY)",Department of Defense,Department of the Navy,DELIVERY ORDER,2025-03-07,2026-03-09,2025-03-07,CONT_AWD_N0017325F2423_9700_N0017320D2001_9700,2025-03-07,N00173
N0017325F2424,2025-04-29,UNIVERSITY CORPORATION FOR ATMOSPHERIC RESEARCH,285000.0,"THE RESEARCH AND DEVELOPMENT OF THE NAVYS NEPTUNE SYSTEM. NEPTUNE IS A SPECTRAL ELEMENT SOLVER FOR THE COMPRESSIBLE, NON-HYDROSTATIC, DEEP-ATMOSPHERE EQUATIONS OF MOTION.",364,237,>60,,ONLY ONE SOURCE,NOT COMPETED,,COST PLUS FIXED FEE,,NAVAL RESEARCH LABORATORY,AC33 NATIONAL DEFENSE R&D SERVICES; DEFENSE-RELATED ACTIVITIES; EXPERIMENTAL DEVELOPMENT,"541715 RESEARCH AND DEVELOPMENT IN THE PHYSICAL, ENGINEERING, AND LIFE SCIENCES (EXCEPT NANOTECHNOLOGY AND BIOTECHNOLOGY)",Department of Defense,Department of the Navy,DELIVERY ORDER,2025-04-29,2026-04-28,2025-05-14,CONT_AWD_N0017325F2424_9700_N0017325D2403_9700,2025-04-29,N00173
N0017325F2425,2025-04-21,"APPLIED TECHNOLOGY, INC.",2135161.67,SEE ATTACHMENT 1 - STATEMENT OF WORK,364,239,>60,N0017323RTJ01,NEGOTIATED PROPOSAL/QUOTE,FULL AND OPEN COMPETITION AFTER EXCLUSION OF SOURCES,,COST PLUS FIXED FEE,,NAVAL RESEARCH LABORATORY,AC33 NATIONAL DEFENSE R&D SERVICES; DEFENSE-RELATED ACTIVITIES; EXPERIMENTAL DEVELOPMENT,"541715 RESEARCH AND DEVELOPMENT IN THE PHYSICAL, ENGINEERING, AND LIFE SCIENCES (EXCEPT NANOTECHNOLOGY AND BIOTECHNOLOGY)",Department of Defense,Department of the Navy,DELIVERY ORDER,2025-05-01,2026-04-30,2025-08-05,CONT_AWD_N0017325F2425_9700_N0017324D2001_9700,2025-04-21,N00173
N6600125C0020,2024-12-12,"TORCH RESEARCH, LLC",1098504.46,UNIVERSAL NAVAL AI CORE ENVIRONMENT (UNACORN) DATA ENGINEERING PIPELINE SUPPORT FOR U.S. NAVAL FORCES EUROPE (NAVEUR,242,-22,Ended,N6600125R0020,ONLY ONE SOURCE,NOT COMPETED,1,COST PLUS FIXED FEE,NO SET ASIDE USED.,NIWC PACIFIC,AC33 NATIONAL DEFENSE R&D SERVICES; DEFENSE-RELATED ACTIVITIES; EXPERIMENTAL DEVELOPMENT,541512 COMPUTER SYSTEMS DESIGN SERVICES,Department of Defense,Department of the Navy,DEFINITIVE CONTRACT,2024-12-13,2025-08-12,2025-05-23,CONT_AWD_N6600125C0020_9700_-NONE-_-NONE-,2024-12-12,N66001
N6600125C0026,2025-03-25,"SAPIENT LOGIC, LLC",1355588.23,"DEVELOPMENT, INTEGRATION, AND CERTIFICATION ENVIRONMENT AND NAVAL INTEGRATED LIVE VIRTUAL CONSTRUCTIVE ENVIRONMENT FUNCTIONAL MONITORING THREAT ANALYSIS SUPPORT",1095,946,>60,N6600125R0026,ONLY ONE SOURCE,NOT AVAILABLE FOR COMPETITION,1,COST PLUS FIXED FEE,8(A) SOLE SOURCE,NIWC PACIFIC,AC33 NATIONAL DEFENSE R&D SERVICES; DEFENSE-RELATED ACTIVITIES; EXPERIMENTAL DEVELOPMENT,541330 ENGINEERING SERVICES,Department of Defense,Department of the Navy,DEFINITIVE CONTRACT,2025-04-07,2028-04-06,2025-04-22,CONT_AWD_N6600125C0026_9700_-NONE-_-NONE-,2025-03-25,N66001
N6600125F0004,2024-10-01,"UNIVERSITY OF CALIFORNIA, SAN DIEGO",228477.0,ACADEMIC RESEARCH,363,27,15-29,N6600120R0014,SUBJECT TO MULTIPLE AWARD FAIR OPPORTUNITY,FULL AND OPEN COMPETITION AFTER EXCLUSION OF SOURCES,1,COST NO FEE,,DEFENSE THREAT REDUCTION AGENCY,AC33 NATIONAL DEFENSE R&D SERVICES; DEFENSE-RELATED ACTIVITIES; EXPERIMENTAL DEVELOPMENT,"541715 RESEARCH AND DEVELOPMENT IN THE PHYSICAL, ENGINEERING, AND LIFE SCIENCES (EXCEPT NANOTECHNOLOGY AND BIOTECHNOLOGY)",Department of Defense,Defense Threat Reduction Agency,DELIVERY ORDER,2024-10-02,2025-09-30,2024-12-18,CONT_AWD_N6600125F0004_9700_N6600121D0042_9700,2024-10-01,N66001
N6600125F0021,2024-10-28,COLSA CORP,1211782.16,MISSILE DEFENSE AGENCY (MDA) DATA LINK TEST TOOL/ GATEWAY SYSTEMS (DLTT/GS) SYSTEM SOFTWARE ENGINEERING SUPPORT,342,27,15-29,N6600121R3428,NEGOTIATED PROPOSAL/QUOTE,FULL AND OPEN COMPETITION,,COST PLUS FIXED FEE,,NIWC PACIFIC,AC33 NATIONAL DEFENSE R&D SERVICES; DEFENSE-RELATED ACTIVITIES; EXPERIMENTAL DEVELOPMENT,541330 ENGINEERING SERVICES,Department of Defense,Department of the Navy,DELIVERY ORDER,2024-10-23,2025-09-30,2025-04-08,CONT_AWD_N6600125F0021_9700_N6600121D3428_9700,2024-10-28,N66001
N6600125F0080,2024-11-21,SAN DIEGO STATE UNIVERSITY FOUNDATION,14404.0,UNDERGRADUATE STUDENT 3,313,27,15-29,N6600122R0021,NEGOTIATED PROPOSAL/QUOTE,FULL AND OPEN COMPETITION AFTER EXCLUSION OF SOURCES,,TIME AND MATERIALS,,OFFICE OF NAVAL RESEARCH,AC33 NATIONAL DEFENSE R&D SERVICES; DEFENSE-RELATED ACTIVITIES; EXPERIMENTAL DEVELOPMENT,"541715 RESEARCH AND DEVELOPMENT IN THE PHYSICAL, ENGINEERING, AND LIFE SCIENCES (EXCEPT NANOTECHNOLOGY AND BIOTECHNOLOGY)",Department of Defense,Department of the Navy,DELIVERY ORDER,2024-11-21,2025-09-30,2024-11-21,CONT_AWD_N6600125F0080_9700_N6600122D0021_9700,2024-11-21,N66001
N6600125F0082,2024-11-21,SAN DIEGO STATE UNIVERSITY FOUNDATION,5918.72,UNDERGRADUATE STUDENT 2,313,27,15-29,N6600122R0021,NEGOTIATED PROPOSAL/QUOTE,FULL AND OPEN COMPETITION AFTER EXCLUSION OF SOURCES,,TIME AND MATERIALS,,NAVSEA HQ,AC33 NATIONAL DEFENSE R&D SERVICES; DEFENSE-RELATED ACTIVITIES; EXPERIMENTAL DEVELOPMENT,"541715 RESEARCH AND DEVELOPMENT IN THE PHYSICAL, ENGINEERING, AND LIFE SCIENCES (EXCEPT NANOTECHNOLOGY AND BIOTECHNOLOGY)",Department of Defense,Department of the Navy,DELIVERY ORDER,2024-11-21,2025-09-30,2024-11-21,CONT_AWD_N6600125F0082_9700_N6600122D0021_9700,2024-11-21,N66001
N6600125F0083,2024-11-25,SAN DIEGO STATE UNIVERSITY FOUNDATION,9975.8,GRADUATE STUDENT 1,309,27,15-29,N6600122R0021,NEGOTIATED PROPOSAL/QUOTE,FULL AND OPEN COMPETITION AFTER EXCLUSION OF SOURCES,,TIME AND MATERIALS,,NIWC PACIFIC,AC33 NATIONAL DEFENSE R&D SERVICES; DEFENSE-RELATED ACTIVITIES; EXPERIMENTAL DEVELOPMENT,"541715 RESEARCH AND DEVELOPMENT IN THE PHYSICAL, ENGINEERING, AND LIFE SCIENCES (EXCEPT NANOTECHNOLOGY AND BIOTECHNOLOGY)",Department of Defense,Department of the Navy,DELIVERY ORDER,2024-11-25,2025-09-30,2025-02-18,CONT_AWD_N6600125F0083_9700_N6600122D0021_9700,2024-11-25,N66001
N6600125F0126,2024-12-19,COLSA CORP,1099994.8,LINK MONITORING AND MANAGEMENT TOOL (LMMT) DATA LINK TEST TOOL/ GATEWAY SYSTEMS (DLTT/GS) TASK ORDER,284,27,15-29,N6600121R3428,NEGOTIATED PROPOSAL/QUOTE,FULL AND OPEN COMPETITION,,COST PLUS FIXED FEE,,NIWC PACIFIC,AC33 NATIONAL DEFENSE R&D SERVICES; DEFENSE-RELATED ACTIVITIES; EXPERIMENTAL DEVELOPMENT,541330 ENGINEERING SERVICES,Department of Defense,Department of the Navy,DELIVERY ORDER,2024-12-20,2025-09-30,2024-12-19,CONT_AWD_N6600125F0126_9700_N6600121D3428_9700,2024-12-19,N66001
N6600125F0138,2025-01-22,EPSILON C5I INC,2314523.0,TEST AUTOMATION FRAMEWORK (TAF) ENGINEERING AND TECHNICAL SUPPORT,1094,882,>60,N6600121R0021,SUBJECT TO MULTIPLE AWARD FAIR OPPORTUNITY,FULL AND OPEN COMPETITION,1,COST PLUS FIXED FEE,,NIWC PACIFIC,AC33 NATIONAL DEFENSE R&D SERVICES; DEFENSE-RELATED ACTIVITIES; EXPERIMENTAL DEVELOPMENT,541330 ENGINEERING SERVICES,Department of Defense,Department of the Navy,DELIVERY ORDER,2025-02-03,2028-02-02,2025-05-23,CONT_AWD_N6600125F0138_9700_N6600121D0161_9700,2025-01-22,N66001
N6600125F0145,2024-12-23,SAN DIEGO STATE UNIVERSITY FOUNDATION,24015.9,UNDERGRADUATE STUDENT 3,189,-65,Ended,N6600122R0021,NEGOTIATED PROPOSAL/QUOTE,FULL AND OPEN COMPETITION AFTER EXCLUSION OF SOURCES,,TIME AND MATERIALS,,DEF ADVANCED RESEARCH PROJECTS AGCY,AC33 NATIONAL DEFENSE R&D SERVICES; DEFENSE-RELATED ACTIVITIES; EXPERIMENTAL DEVELOPMENT,"541715 RESEARCH AND DEVELOPMENT IN THE PHYSICAL, ENGINEERING, AND LIFE SCIENCES (EXCEPT NANOTECHNOLOGY AND BIOTECHNOLOGY)",Department of Defense,Defense Advanced Research Projects Agency,DELIVERY ORDER,2024-12-23,2025-06-30,2024-12-23,CONT_AWD_N6600125F0145_9700_N6600122D0021_9700,2024-12-23,N66001
N6600125F0156,2024-12-31,SAN DIEGO STATE UNIVERSITY FOUNDATION,19390.0,UNDERGRADUATE STUDENT 3,365,119,>60,N6600122R0021,NEGOTIATED PROPOSAL/QUOTE,FULL AND OPEN COMPETITION AFTER EXCLUSION OF SOURCES,,TIME AND MATERIALS,,NAVFACSYSCOM,AC33 NATIONAL DEFENSE R&D SERVICES; DEFENSE-RELATED ACTIVITIES; EXPERIMENTAL DEVELOPMENT,"541715 RESEARCH AND DEVELOPMENT IN THE PHYSICAL, ENGINEERING, AND LIFE SCIENCES (EXCEPT NANOTECHNOLOGY AND BIOTECHNOLOGY)",Department of Defense,Department of the Navy,DELIVERY ORDER,2024-12-31,2025-12-31,2024-12-31,CONT_AWD_N6600125F0156_9700_N6600122D0021_9700,2024-12-31,N66001
N6600125F0184,2025-03-17,COLSA CORP,300000.0,PMW-150 DATA LINK TEST TOOL/GATEWAY SYSTEMS (DLTT/GS) SYSTEM SOFTWARE ENGINEERING SUPPORT,197,27,15-29,N6600121R3428,NEGOTIATED PROPOSAL/QUOTE,FULL AND OPEN COMPETITION,,COST PLUS FIXED FEE,,NIWC PACIFIC,AC33 NATIONAL DEFENSE R&D SERVICES; DEFENSE-RELATED ACTIVITIES; EXPERIMENTAL DEVELOPMENT,541330 ENGINEERING SERVICES,Department of Defense,Department of the Navy,DELIVERY ORDER,2025-03-17,2025-09-30,2025-03-17,CONT_AWD_N6600125F0184_9700_N6600121D3428_9700,2025-03-17,N66001
N6600125F0214,2025-02-03,COLSA CORP,1499993.92,MULTI-COMMAND DATA LINK TEST TOOL/ GATEWAY SYSTEMS (DLTT/GS) AND MINI-RACK SUPPORT,180,-32,Ended,N6600121R3428,NEGOTIATED PROPOSAL/QUOTE,FULL AND OPEN COMPETITION,,COST PLUS FIXED FEE,,NIWC PACIFIC,AC33 NATIONAL DEFENSE R&D SERVICES; DEFENSE-RELATED ACTIVITIES; EXPERIMENTAL DEVELOPMENT,541330 ENGINEERING SERVICES,Department of Defense,Department of the Navy,DELIVERY ORDER,2025-02-03,2025-08-02,2025-02-03,CONT_AWD_N6600125F0214_9700_N6600121D3428_9700,2025-02-03,N66001
N6600125F0328,2025-03-31,SAN DIEGO STATE UNIVERSITY FOUNDATION,79969.0,DESIGN AND TEST SUPPORT FOR LOW EARTH ORBIT SATELLITE COMMUNICATION PHASED ARRAY ANTENNA,364,209,>60,N6600120R0014,SUBJECT TO MULTIPLE AWARD FAIR OPPORTUNITY,FULL AND OPEN COMPETITION AFTER EXCLUSION OF SOURCES,1,COST NO FEE,,NIWC PACIFIC,AC33 NATIONAL DEFENSE R&D SERVICES; DEFENSE-RELATED ACTIVITIES; EXPERIMENTAL DEVELOPMENT,"541715 RESEARCH AND DEVELOPMENT IN THE PHYSICAL, ENGINEERING, AND LIFE SCIENCES (EXCEPT NANOTECHNOLOGY AND BIOTECHNOLOGY)",Department of Defense,Department of the Navy,DELIVERY ORDER,2025-04-01,2026-03-31,2025-03-31,CONT_AWD_N6600125F0328_9700_N6600121D0041_9700,2025-03-31,N66001
N6600125F0455,2025-04-29,COLSA CORP,899999.0,"UNITED STATES AIR FORCE (USAF) LINK MONITORING AND MANAGEMENT TOOL (LMMT) DATA LINK TEST TOOL (DLTT)/ GATEWAY SYSTEMS (GS) ACQUISITION AND SUPPORT FOR TACTICAL DATA LINK (TDL) PLANNING, ANALYSIS AND MONITORING (PAM)",364,239,>60,N6600121R3428,NEGOTIATED PROPOSAL/QUOTE,FULL AND OPEN COMPETITION,,COST PLUS FIXED FEE,,NIWC PACIFIC,AC33 NATIONAL DEFENSE R&D SERVICES; DEFENSE-RELATED ACTIVITIES; EXPERIMENTAL DEVELOPMENT,541330 ENGINEERING SERVICES,Department of Defense,Department of the Navy,DELIVERY ORDER,2025-05-01,2026-04-30,2025-04-29,CONT_AWD_N6600125F0455_9700_N6600121D3428_9700,2025-04-29,N66001
N6600125F0524,2025-05-22,COLSA CORP,1099961.54,MULTI-COMMAND DATA LINK TEST TOOL (DLTT)/GATEWAY SYSTEMS (GS) AND MINI-RACK SUPPORT,222,119,>60,N6600121R3428,NEGOTIATED PROPOSAL/QUOTE,FULL AND OPEN COMPETITION,,COST PLUS FIXED FEE,,NIWC PACIFIC,AC33 NATIONAL DEFENSE R&D SERVICES; DEFENSE-RELATED ACTIVITIES; EXPERIMENTAL DEVELOPMENT,541330 ENGINEERING SERVICES,Department of Defense,Department of the Navy,DELIVERY ORDER,2025-05-23,2025-12-31,2025-05-22,CONT_AWD_N6600125F0524_9700_N6600121D3428_9700,2025-05-22,N66001
N6600125F0565,2025-06-02,COLSA CORP,1499996.65,"TACTICAL COMMUNICATIONS ENVIRONMENT SEGMENT (TCES), TEST AND INTEGRATION SUPPORT",388,300,>60,N6600121R3428,NEGOTIATED PROPOSAL/QUOTE,FULL AND OPEN COMPETITION,,COST PLUS FIXED FEE,,NIWC PACIFIC,AC33 NATIONAL DEFENSE R&D SERVICES; DEFENSE-RELATED ACTIVITIES; EXPERIMENTAL DEVELOPMENT,541330 ENGINEERING SERVICES,Department of Defense,Department of the Navy,DELIVERY ORDER,2025-06-07,2026-06-30,2025-06-02,CONT_AWD_N6600125F0565_9700_N6600121D3428_9700,2025-06-02,N66001
N6600125F3506,2025-01-22,"KOAM ENGINEERING SYSTEMS, INC.",4305814.57,"TACTICAL SYSTEMS INTEGRATION (TSI) TESTBED SYSTEMS ENGINEERING, COMPUTER SYSTEMS OPERATIONS, TEST SUPPORT, MAINTENANCE & FIELD ENGINEERING, AND NETWORK SYSTEMS IT OPERATIONS SUPPORT SERVICES",383,159,>60,N6600124R3520,SUBJECT TO MULTIPLE AWARD FAIR OPPORTUNITY,FULL AND OPEN COMPETITION,4,COST PLUS FIXED FEE,,NIWC PACIFIC,AC33 NATIONAL DEFENSE R&D SERVICES; DEFENSE-RELATED ACTIVITIES; EXPERIMENTAL DEVELOPMENT,541330 ENGINEERING SERVICES,Department of Defense,Department of the Navy,DELIVERY ORDER,2025-01-22,2026-02-09,2025-02-28,CONT_AWD_N6600125F3506_9700_N0017819D7983_9700,2025-01-22,N66001
N6660425F3001,2024-12-12,"SEACORP, LLC",13767570.0,"THIS IS A NAVAL UNDERSEA WARFARE DIVISION NEWPORT CODE 25 UNDERSEA WARFARE COMBAT SYSTEMS REQUIREMENT FOR VIRGINIA CLASS, COLUMBIA CLASS, SSN(X) CLASS, AND SUBMARINE WARFARE FEDERATED TACTICAL SYSTEMS PLATFORM AND SYSTEMS ENGINEERING SERVICES.",370,105,>60,N6660424R3018,SUBJECT TO MULTIPLE AWARD FAIR OPPORTUNITY,FULL AND OPEN COMPETITION,1,COST PLUS FIXED FEE,,NUWC DIV NEWPORT,AC33 NATIONAL DEFENSE R&D SERVICES; DEFENSE-RELATED ACTIVITIES; EXPERIMENTAL DEVELOPMENT,541330 ENGINEERING SERVICES,Department of Defense,Department of the Navy,DELIVERY ORDER,2024-12-12,2025-12-17,2025-05-15,CONT_AWD_N6660425F3001_9700_N0017819D8623_9700,2024-12-12,N66604
N6660425F3007,2025-03-21,PURVIS SYSTEMS INC,1255556.1,"THE NAVAL UNDERSEA WARFARE CENTER DIVISION, NEWPORT (NUWCDIVNPT) CODE 34 HAS A REQUIREMENT TO PROVIDE INTEGRATED LOGISTIC SUPPORT (ILS), CONFIGURATION MANAGEMENT (CM), MATERIAL SUPPLY MANAGEMENT, AND RECORDS AND DATA MANAGEMENT SERVICES.",364,198,>60,N6660423R3010,SUBJECT TO MULTIPLE AWARD FAIR OPPORTUNITY,FULL AND OPEN COMPETITION,11,COST PLUS FIXED FEE,,NUWC DIV NEWPORT,AC33 NATIONAL DEFENSE R&D SERVICES; DEFENSE-RELATED ACTIVITIES; EXPERIMENTAL DEVELOPMENT,541330 ENGINEERING SERVICES,Department of Defense,Department of the Navy,DELIVERY ORDER,2025-03-21,2026-03-20,2025-05-21,CONT_AWD_N6660425F3007_9700_N0017819D8361_9700,2025-03-21,N66604
N6660425FG501,2025-05-14,"SEACORP, LLC",161776.5,"SERVICES FOR THE DEVELOPMENT, UPGRADE, AND APPLICATION OF THE EXTENSIVE MARKUP LANGUAGE TEST DATA ANALYSIS TOOL.",364,252,>60,N6660424R0728,ONLY ONE SOURCE,NOT AVAILABLE FOR COMPETITION,,COST PLUS FIXED FEE,,NUWC DIV NEWPORT,AC33 NATIONAL DEFENSE R&D SERVICES; DEFENSE-RELATED ACTIVITIES; EXPERIMENTAL DEVELOPMENT,"541715 RESEARCH AND DEVELOPMENT IN THE PHYSICAL, ENGINEERING, AND LIFE SCIENCES (EXCEPT NANOTECHNOLOGY AND BIOTECHNOLOGY)",Department of Defense,Department of the Navy,DELIVERY ORDER,2025-05-14,2026-05-13,2025-05-14,CONT_AWD_N6660425FG501_9700_N6660425DG500_9700,2025-05-14,N66604
N6660425P0045,2025-03-07,FEDSATIZ LIMITED CO,15000.0,MIL-DTL-24643 COMPLIANCE TESTING SERVICE,56,-124,Ended,,SIMPLIFIED ACQUISITION,COMPETED UNDER SAP,2,FIRM FIXED PRICE,SMALL BUSINESS SET ASIDE - TOTAL,NUWC DIV NEWPORT,AC33 NATIONAL DEFENSE R&D SERVICES; DEFENSE-RELATED ACTIVITIES; EXPERIMENTAL DEVELOPMENT,541330 ENGINEERING SERVICES,Department of Defense,Department of the Navy,PURCHASE ORDER,2025-03-07,2025-05-02,2025-03-07,CONT_AWD_N6660425P0045_9700_-NONE-_-NONE-,2025-03-07,N66604
N6833525C0214,2025-02-04,SHIELD AI INC,637516.0,SAI BAA CONTRACT,208,-3,Ended,N6833524R0067,NEGOTIATED PROPOSAL/QUOTE,FULL AND OPEN COMPETITION,1,FIRM FIXED PRICE,NO SET ASIDE USED.,NAVAL AIR WARFARE CTR AIRCRAFT DIV,AC33 NATIONAL DEFENSE R&D SERVICES; DEFENSE-RELATED ACTIVITIES; EXPERIMENTAL DEVELOPMENT,541330 ENGINEERING SERVICES,Department of Defense,Department of the Navy,DEFINITIVE CONTRACT,2025-02-04,2025-08-31,2025-05-09,CONT_AWD_N6833525C0214_9700_-NONE-_-NONE-,2025-02-04,N68335
N6893625F0186,2025-04-03,RAYTHEON COMPANY,305268.34,AIR COMBAT EFFECTS LIBRARY (ACEL),729,577,>60,N6893623R0008,ONLY ONE SOURCE,NOT COMPETED,,COST PLUS FIXED FEE,,NAVAL AIR WARFARE CENTER,AC33 NATIONAL DEFENSE R&D SERVICES; DEFENSE-RELATED ACTIVITIES; EXPERIMENTAL DEVELOPMENT,541330 ENGINEERING SERVICES,Department of Defense,Department of the Navy,DELIVERY ORDER,2025-04-04,2027-04-03,2025-04-03,CONT_AWD_N6893625F0186_9700_N6893623D0042_9700,2025-04-03,N68936
N6893625F0218,2025-02-18,LOCKHEED MARTIN CORPORATION,2500.0,CLIN 1 COST MINIMUM GUARANTEE,364,167,>60,N6893624R0001,ONLY ONE SOURCE,NOT COMPETED,,COST NO FEE,,NAVAL AIR WARFARE CENTER,AC33 NATIONAL DEFENSE R&D SERVICES; DEFENSE-RELATED ACTIVITIES; EXPERIMENTAL DEVELOPMENT,541330 ENGINEERING SERVICES,Department of Defense,Department of the Navy,DELIVERY ORDER,2025-02-18,2026-02-17,2025-02-18,CONT_AWD_N6893625F0218_9700_N6893625D0001_9700,2025-02-18,N68936
N6893625F0254,2025-03-07,"CORVID ATEA, LLC",675000.0,TASK ORDER FOR RANGELYNX INSTRUMENTATION SUPPORT JC2,371,189,>60,N6893624R0002,ONLY ONE SOURCE,NOT AVAILABLE FOR COMPETITION,,COST PLUS FIXED FEE,,NAVAL AIR WARFARE CENTER,AC33 NATIONAL DEFENSE R&D SERVICES; DEFENSE-RELATED ACTIVITIES; EXPERIMENTAL DEVELOPMENT,541330 ENGINEERING SERVICES,Department of Defense,Department of the Navy,DELIVERY ORDER,2025-03-05,2026-03-11,2025-05-05,CONT_AWD_N6893625F0254_9700_N6893624D0012_9700,2025-03-07,N68936
N6893625F0264,2025-03-07,RAYTHEON COMPANY,312894.8,DEFENSE ADVANCED RESEARCH AGENCY (DARPA) ARTIFICIAL INTELLIGENCE REINFORCEMENT (AIR),364,190,>60,N6893623R0008,ONLY ONE SOURCE,NOT COMPETED,,COST PLUS FIXED FEE,,NAVAL AIR WARFARE CENTER,AC33 NATIONAL DEFENSE R&D SERVICES; DEFENSE-RELATED ACTIVITIES; EXPERIMENTAL DEVELOPMENT,541330 ENGINEERING SERVICES,Department of Defense,Department of the Navy,DELIVERY ORDER,2025-03-13,2026-03-12,2025-04-02,CONT_AWD_N6893625F0264_9700_N6893623D0042_9700,2025-03-07,N68936
N6893625F0335,2025-03-27,LOCKHEED MARTIN CORPORATION,2227804.51,CROSSCHECK RISK REDUCTION,245,85,>60,N6893624R0001,ONLY ONE SOURCE,NOT COMPETED,,COST PLUS FIXED FEE,,NAVAL AIR WARFARE CENTER,AC33 NATIONAL DEFENSE R&D SERVICES; DEFENSE-RELATED ACTIVITIES; EXPERIMENTAL DEVELOPMENT,541330 ENGINEERING SERVICES,Department of Defense,Department of the Navy,DELIVERY ORDER,2025-03-27,2025-11-27,2025-05-22,CONT_AWD_N6893625F0335_9700_N6893625D0001_9700,2025-03-27,N68936
SP470125C0009,2024-10-30,ALKEMIX CORPORATION,1800000.0,"SMALL BUSINESS INNOVATIVE RESEARCH PHASE II PROPOSAL L2 0455 TITLED ""HIGH TEMPERATURE RESISTANT THERMAL PROTECTION FOR RE ENTRY APPLICATIONS"" TENDERED UNDER TOPIC DLA23A-003",730,422,>60,,NEGOTIATED PROPOSAL/QUOTE,FULL AND OPEN COMPETITION AFTER EXCLUSION OF SOURCES,1,FIXED PRICE LEVEL OF EFFORT,SMALL BUSINESS SET ASIDE - TOTAL,DCSO PHILADELPHIA,AC33 NATIONAL DEFENSE R&D SERVICES; DEFENSE-RELATED ACTIVITIES; EXPERIMENTAL DEVELOPMENT,"541715 RESEARCH AND DEVELOPMENT IN THE PHYSICAL, ENGINEERING, AND LIFE SCIENCES (EXCEPT NANOTECHNOLOGY AND BIOTECHNOLOGY)",Department of Defense,Defense Logistics Agency,DEFINITIVE CONTRACT,2024-10-30,2026-10-30,2025-01-13,CONT_AWD_SP470125C0009_9700_-NONE-_-NONE-,2024-10-30,SP4701
SP470125C0010,2024-11-12,"BC TECHNICAL CENTER, LLC",1083741.0,SBIR PHASE II - BC TECHNICAL CENTER LLC - COMMAND SIGNAL DECODER (CSD) BEARINGS WITH NEW DRY FILM CONFIGURATION - PROPOSAL L2S-0052 - BAA TOPIC DLA171-002,365,70,>60,,NEGOTIATED PROPOSAL/QUOTE,FULL AND OPEN COMPETITION AFTER EXCLUSION OF SOURCES,1,FIRM FIXED PRICE,SMALL BUSINESS SET ASIDE - TOTAL,DCSO PHILADELPHIA,AC33 NATIONAL DEFENSE R&D SERVICES; DEFENSE-RELATED ACTIVITIES; EXPERIMENTAL DEVELOPMENT,"541715 RESEARCH AND DEVELOPMENT IN THE PHYSICAL, ENGINEERING, AND LIFE SCIENCES (EXCEPT NANOTECHNOLOGY AND BIOTECHNOLOGY)",Department of Defense,Defense Logistics Agency,DEFINITIVE CONTRACT,2024-11-12,2025-11-12,2024-11-12,CONT_AWD_SP470125C0010_9700_-NONE-_-NONE-,2024-11-12,SP4701
SP470125C0011,2024-12-05,"CEPEDA ASSOCIATES, INC.",894760.0,"CEPEDA PROPOSAL L20499 TENDERED UNDER TOPIC DLA23.3-P001 TO PERFORM DESIGN EFFORTS, DEVELOP MANUFACTURING PROCESSES, AND DEVELOP TEST EQUIPMENT AND PROCEDURES FOR PRODUCING AND SUPPORTING MULTIPLE FIXTURES INITIALLY DESIGNED BY ELECTRIC BOAT",730,458,>60,,NEGOTIATED PROPOSAL/QUOTE,FULL AND OPEN COMPETITION AFTER EXCLUSION OF SOURCES,1,FIXED PRICE LEVEL OF EFFORT,SMALL BUSINESS SET ASIDE - TOTAL,DCSO PHILADELPHIA,AC33 NATIONAL DEFENSE R&D SERVICES; DEFENSE-RELATED ACTIVITIES; EXPERIMENTAL DEVELOPMENT,"541715 RESEARCH AND DEVELOPMENT IN THE PHYSICAL, ENGINEERING, AND LIFE SCIENCES (EXCEPT NANOTECHNOLOGY AND BIOTECHNOLOGY)",Department of Defense,Defense Logistics Agency,DEFINITIVE CONTRACT,2024-12-05,2026-12-05,2025-01-13,CONT_AWD_SP470125C0011_9700_-NONE-_-NONE-,2024-12-05,SP4701
SP470125C0012,2025-01-22,NES BEARING CO INC,1398230.0,"SBIR PHASE II: NES BEARING CO. INC PROPOSAL NUMBER:L2-0502 PROPOSAL TITLE:PHASE I / II PROPOSAL: MULTIPLE BEARING NIIN, B-1 PLATFORM - NES BEARING COMPANY, INC.",700,476,>60,,NEGOTIATED PROPOSAL/QUOTE,FULL AND OPEN COMPETITION AFTER EXCLUSION OF SOURCES,1,FIXED PRICE LEVEL OF EFFORT,SMALL BUSINESS SET ASIDE - TOTAL,DCSO PHILADELPHIA,AC33 NATIONAL DEFENSE R&D SERVICES; DEFENSE-RELATED ACTIVITIES; EXPERIMENTAL DEVELOPMENT,"541715 RESEARCH AND DEVELOPMENT IN THE PHYSICAL, ENGINEERING, AND LIFE SCIENCES (EXCEPT NANOTECHNOLOGY AND BIOTECHNOLOGY)",Department of Defense,Defense Logistics Agency,DEFINITIVE CONTRACT,2025-01-22,2026-12-23,2025-01-22,CONT_AWD_SP470125C0012_9700_-NONE-_-NONE-,2025-01-22,SP4701
SP470125C0013,2024-12-23,MATERIALS RESEARCH & DESIGN INC,1925648.0,MATERIALS RESEARCH & DESIGN: SBIR PHASE II PROPOSAL NUMBER:L2S-0059 PROPOSAL TITLE: HIGH-TEMPERATURE COMPOSITE NOZZLE EXTENSIONS FOR SPACE ACCESS AND PROPULSION TOPIC NUMBER:DLA23A-003,700,446,>60,,NEGOTIATED PROPOSAL/QUOTE,FULL AND OPEN COMPETITION AFTER EXCLUSION OF SOURCES,1,FIXED PRICE LEVEL OF EFFORT,SMALL BUSINESS SET ASIDE - TOTAL,DCSO PHILADELPHIA,AC33 NATIONAL DEFENSE R&D SERVICES; DEFENSE-RELATED ACTIVITIES; EXPERIMENTAL DEVELOPMENT,"541715 RESEARCH AND DEVELOPMENT IN THE PHYSICAL, ENGINEERING, AND LIFE SCIENCES (EXCEPT NANOTECHNOLOGY AND BIOTECHNOLOGY)",Department of Defense,Defense Logistics Agency,DEFINITIVE CONTRACT,2024-12-23,2026-11-23,2024-12-23,CONT_AWD_SP470125C0013_9700_-NONE-_-NONE-,2024-12-23,SP4701
SP470125C0014,2024-12-10,TALON NICKEL (USA) LLC,2469177.0,"EMERGENT IV BAA0001-22 AWARD TO TALON NICKEL (USA), LLC TO BUILD A DOMESTIC SUPPLY CHAIN FOR CLEAN ENERGY",505,239,>60,,NEGOTIATED PROPOSAL/QUOTE,FULL AND OPEN COMPETITION,1,FIRM FIXED PRICE,NO SET ASIDE USED.,DCSO PHILADELPHIA,AC33 NATIONAL DEFENSE R&D SERVICES; DEFENSE-RELATED ACTIVITIES; EXPERIMENTAL DEVELOPMENT,"541715 RESEARCH AND DEVELOPMENT IN THE PHYSICAL, ENGINEERING, AND LIFE SCIENCES (EXCEPT NANOTECHNOLOGY AND BIOTECHNOLOGY)",Department of Defense,Defense Logistics Agency,DEFINITIVE CONTRACT,2024-12-11,2026-04-30,2025-06-23,CONT_AWD_SP470125C0014_9700_-NONE-_-NONE-,2024-12-10,SP4701
SP470125C0016,2024-12-01,KIHOMAC INC,829167.0,"SMALL BUSINESS INNOVATIVE RESEARCH PHASE II PROPOSAL FOR KIHOMAC, INC. ESTABLISHING C-5 GALAXY STRUCTURAL AND WIRING ASSEMBLIES",730,454,>60,,NEGOTIATED PROPOSAL/QUOTE,FULL AND OPEN COMPETITION AFTER EXCLUSION OF SOURCES,1,FIXED PRICE LEVEL OF EFFORT,SMALL BUSINESS SET ASIDE - TOTAL,DCSO PHILADELPHIA,AC33 NATIONAL DEFENSE R&D SERVICES; DEFENSE-RELATED ACTIVITIES; EXPERIMENTAL DEVELOPMENT,"541715 RESEARCH AND DEVELOPMENT IN THE PHYSICAL, ENGINEERING, AND LIFE SCIENCES (EXCEPT NANOTECHNOLOGY AND BIOTECHNOLOGY)",Department of Defense,Defense Logistics Agency,DEFINITIVE CONTRACT,2024-12-01,2026-12-01,2024-12-01,CONT_AWD_SP470125C0016_9700_-NONE-_-NONE-,2024-12-01,SP4701
SP470125C0018,2024-11-26,SYBAL CORP,899919.15,"SYBAL PROJECT UNDER WSSP BAA, FOR ESTABLISHING PROOF OF GOVERNANCE (POG) IN THE DOMAIN OF DISPOSITION SERVICES, REVERSE LOGISTICS...",216,-65,Ended,,NEGOTIATED PROPOSAL/QUOTE,FULL AND OPEN COMPETITION,1,COST PLUS FIXED FEE,NO SET ASIDE USED.,DCSO PHILADELPHIA,AC33 NATIONAL DEFENSE R&D SERVICES; DEFENSE-RELATED ACTIVITIES; EXPERIMENTAL DEVELOPMENT,"541715 RESEARCH AND DEVELOPMENT IN THE PHYSICAL, ENGINEERING, AND LIFE SCIENCES (EXCEPT NANOTECHNOLOGY AND BIOTECHNOLOGY)",Department of Defense,Defense Logistics Agency,DEFINITIVE CONTRACT,2024-11-26,2025-06-30,2025-05-23,CONT_AWD_SP470125C0018_9700_-NONE-_-NONE-,2024-11-26,SP4701
SP470125C0019,2024-12-04,SURMET CORP,999925.0,"SMALL BUSINESS INNOVATIVE RESEARCH PHASE II PROPOSAL L2-0476  TITLED ""DEVELOP AND DEMONSTRATE IMPROVED TRANSPARENT ARMOR FOR ARMY SYSTEMS"" TENDERED UNDER TOPIC DLA23.1-001",730,457,>60,,NEGOTIATED PROPOSAL/QUOTE,FULL AND OPEN COMPETITION AFTER EXCLUSION OF SOURCES,1,FIXED PRICE LEVEL OF EFFORT,SMALL BUSINESS SET ASIDE - TOTAL,DCSO PHILADELPHIA,AC33 NATIONAL DEFENSE R&D SERVICES; DEFENSE-RELATED ACTIVITIES; EXPERIMENTAL DEVELOPMENT,"541715 RESEARCH AND DEVELOPMENT IN THE PHYSICAL, ENGINEERING, AND LIFE SCIENCES (EXCEPT NANOTECHNOLOGY AND BIOTECHNOLOGY)",Department of Defense,Defense Logistics Agency,DEFINITIVE CONTRACT,2024-12-04,2026-12-04,2025-01-13,CONT_AWD_SP470125C0019_9700_-NONE-_-NONE-,2024-12-04,SP4701
SP470125C0020,2024-12-16,VIBRANT CORP,2089960.0,SBIR PHASE II: VIBRANT CORP. PROPOSAL NUMBER:L2S-0053 PROPOSAL TITLE:ADVANCED NON-DESTRUCTIVE TESTING IN SUPPORT OF LIFE CYCLE MANAGEMENT FOR WEAPONS SYSTEM COMPONENTS TOPIC NUMBER:AF182-073,700,439,>60,,NEGOTIATED PROPOSAL/QUOTE,FULL AND OPEN COMPETITION AFTER EXCLUSION OF SOURCES,1,FIXED PRICE LEVEL OF EFFORT,SMALL BUSINESS SET ASIDE - TOTAL,DCSO PHILADELPHIA,AC33 NATIONAL DEFENSE R&D SERVICES; DEFENSE-RELATED ACTIVITIES; EXPERIMENTAL DEVELOPMENT,"541715 RESEARCH AND DEVELOPMENT IN THE PHYSICAL, ENGINEERING, AND LIFE SCIENCES (EXCEPT NANOTECHNOLOGY AND BIOTECHNOLOGY)",Department of Defense,Defense Logistics Agency,DEFINITIVE CONTRACT,2024-12-16,2026-11-16,2025-08-05,CONT_AWD_SP470125C0020_9700_-NONE-_-NONE-,2024-12-16,SP4701
SP470125C0021,2024-12-02,INTELLISENSE SYSTEMS INC,1999862.0,BRADLEY REVERSE ENGINEERING TO PROCUREMENT SOURCE - SMALL BUSINESS INNOVATIVE RESEARCH (SBIR) II,729,454,>60,,NEGOTIATED PROPOSAL/QUOTE,FULL AND OPEN COMPETITION AFTER EXCLUSION OF SOURCES,1,FIRM FIXED PRICE,SMALL BUSINESS SET ASIDE - TOTAL,DCSO PHILADELPHIA,AC33 NATIONAL DEFENSE R&D SERVICES; DEFENSE-RELATED ACTIVITIES; EXPERIMENTAL DEVELOPMENT,"541715 RESEARCH AND DEVELOPMENT IN THE PHYSICAL, ENGINEERING, AND LIFE SCIENCES (EXCEPT NANOTECHNOLOGY AND BIOTECHNOLOGY)",Department of Defense,Defense Logistics Agency,DEFINITIVE CONTRACT,2024-12-02,2026-12-01,2025-01-21,CONT_AWD_SP470125C0021_9700_-NONE-_-NONE-,2024-12-02,SP4701
SP470125C0022,2024-11-26,"A&B FOUNDRY, LLC",1794653.0,"SMALL BUSINESS INNOVATIVE RESEARCH PHASE II PROPOSAL L2-0478 TITLED ""VERTICALLY INTEGRATED MANUFACTURING PLATFORM TO RAPIDLY MANUFACTURE OBSOLETE AND SPARE PARTS FOR B -2 BOMBER"" TENDERED UNDER TOPIC #DLA231-001",730,449,>60,,NEGOTIATED PROPOSAL/QUOTE,FULL AND OPEN COMPETITION AFTER EXCLUSION OF SOURCES,1,FIXED PRICE LEVEL OF EFFORT,SMALL BUSINESS SET ASIDE - TOTAL,DCSO PHILADELPHIA,AC33 NATIONAL DEFENSE R&D SERVICES; DEFENSE-RELATED ACTIVITIES; EXPERIMENTAL DEVELOPMENT,"541715 RESEARCH AND DEVELOPMENT IN THE PHYSICAL, ENGINEERING, AND LIFE SCIENCES (EXCEPT NANOTECHNOLOGY AND BIOTECHNOLOGY)",Department of Defense,Defense Logistics Agency,DEFINITIVE CONTRACT,2024-11-26,2026-11-26,2025-01-13,CONT_AWD_SP470125C0022_9700_-NONE-_-NONE-,2024-11-26,SP4701
SP470125C0024,2024-12-21,"A&B FOUNDRY, LLC",1794653.0,"SMALL BUSINESS INNOVATIVE RESEARCH PHASE II L2-0487 ENTITLED ""VERTICALLY INTEGRATED MANUFACTURING PLATFORM TO RAPIDLY MANUFACTURE OBSOLETE AND SPARE PARTS"" TENDERED UNDER BAA TOPIC DLA231-001",729,473,>60,,NEGOTIATED PROPOSAL/QUOTE,FULL AND OPEN COMPETITION AFTER EXCLUSION OF SOURCES,1,FIRM FIXED PRICE,SMALL BUSINESS SET ASIDE - TOTAL,DCSO PHILADELPHIA,AC33 NATIONAL DEFENSE R&D SERVICES; DEFENSE-RELATED ACTIVITIES; EXPERIMENTAL DEVELOPMENT,"541715 RESEARCH AND DEVELOPMENT IN THE PHYSICAL, ENGINEERING, AND LIFE SCIENCES (EXCEPT NANOTECHNOLOGY AND BIOTECHNOLOGY)",Department of Defense,Defense Logistics Agency,DEFINITIVE CONTRACT,2024-12-21,2026-12-20,2025-01-13,CONT_AWD_SP470125C0024_9700_-NONE-_-NONE-,2024-12-21,SP4701
SP470125C0025,2024-12-11,ACCENTURE FEDERAL SERVICES LLC,404506.37,"ACCENTURE PROJECT UNDER WSSP BAA, FOR EXPLORATION OF AI/ML TECHNOLOGIES TO ENHANCE VERIFICATION OF VENDOR SUPPLY CHAIN TRACEABILITY DOCUMENTATION...",201,-65,Ended,,NEGOTIATED PROPOSAL/QUOTE,FULL AND OPEN COMPETITION,1,COST PLUS FIXED FEE,NO SET ASIDE USED.,DCSO PHILADELPHIA,AC33 NATIONAL DEFENSE R&D SERVICES; DEFENSE-RELATED ACTIVITIES; EXPERIMENTAL DEVELOPMENT,"541715 RESEARCH AND DEVELOPMENT IN THE PHYSICAL, ENGINEERING, AND LIFE SCIENCES (EXCEPT NANOTECHNOLOGY AND BIOTECHNOLOGY)",Department of Defense,Defense Logistics Agency,DEFINITIVE CONTRACT,2024-12-11,2025-06-30,2025-04-30,CONT_AWD_SP470125C0025_9700_-NONE-_-NONE-,2024-12-11,SP4701
SP470125C0026,2024-12-09,"BC TECHNICAL CENTER, LLC",1792453.0,SBIR II - BC TECHNICAL - SUPPORTING USAF AFMC AFLCMC/WBZ CRITICAL SUPPLY CHAIN FOR B2-SPIRIT ON DX CRITICAL OBSOLESCENCE AND MICAP PARTS.,547,279,>60,,NEGOTIATED PROPOSAL/QUOTE,FULL AND OPEN COMPETITION AFTER EXCLUSION OF SOURCES,1,FIRM FIXED PRICE,SMALL BUSINESS SET ASIDE - TOTAL,DCSO PHILADELPHIA,AC33 NATIONAL DEFENSE R&D SERVICES; DEFENSE-RELATED ACTIVITIES; EXPERIMENTAL DEVELOPMENT,"541715 RESEARCH AND DEVELOPMENT IN THE PHYSICAL, ENGINEERING, AND LIFE SCIENCES (EXCEPT NANOTECHNOLOGY AND BIOTECHNOLOGY)",Department of Defense,Defense Logistics Agency,DEFINITIVE CONTRACT,2024-12-09,2026-06-09,2025-04-03,CONT_AWD_SP470125C0026_9700_-NONE-_-NONE-,2024-12-09,SP4701
SP470125C0028,2024-12-12,SECUREFOUNDRY INC,1036232.0,SEMICONDUCTOR DEVICE RECOVERY - SBIR PHASE II,364,99,>60,,NEGOTIATED PROPOSAL/QUOTE,FULL AND OPEN COMPETITION AFTER EXCLUSION OF SOURCES,1,FIRM FIXED PRICE,SMALL BUSINESS SET ASIDE - TOTAL,DCSO PHILADELPHIA,AC33 NATIONAL DEFENSE R&D SERVICES; DEFENSE-RELATED ACTIVITIES; EXPERIMENTAL DEVELOPMENT,"541715 RESEARCH AND DEVELOPMENT IN THE PHYSICAL, ENGINEERING, AND LIFE SCIENCES (EXCEPT NANOTECHNOLOGY AND BIOTECHNOLOGY)",Department of Defense,Defense Logistics Agency,DEFINITIVE CONTRACT,2024-12-12,2025-12-11,2025-01-13,CONT_AWD_SP470125C0028_9700_-NONE-_-NONE-,2024-12-12,SP4701
SP470125C0029,2024-12-19,DELOITTE CONSULTING LLP,895334.6,EMERGENT IV - DISPOSITION SERVICES COMMAND BLOCKCHAIN AUTOMATION PROJECT,119,-138,Ended,,NEGOTIATED PROPOSAL/QUOTE,FULL AND OPEN COMPETITION,1,COST PLUS FIXED FEE,NO SET ASIDE USED.,DCSO PHILADELPHIA,AC33 NATIONAL DEFENSE R&D SERVICES; DEFENSE-RELATED ACTIVITIES; EXPERIMENTAL DEVELOPMENT,"541715 RESEARCH AND DEVELOPMENT IN THE PHYSICAL, ENGINEERING, AND LIFE SCIENCES (EXCEPT NANOTECHNOLOGY AND BIOTECHNOLOGY)",Department of Defense,Defense Logistics Agency,DEFINITIVE CONTRACT,2024-12-20,2025-04-18,2025-04-03,CONT_AWD_SP470125C0029_9700_-NONE-_-NONE-,2024-12-19,SP4701
SP470125C0030,2024-12-30,"AMG ENGINEERING AND MACHINING, INC.",861708.0,ENHANCING AEROSPACE BEARING SUPPLY CHAIN - EMERGENT IV,486,239,>60,,NEGOTIATED PROPOSAL/QUOTE,FULL AND OPEN COMPETITION AFTER EXCLUSION OF SOURCES,1,FIRM FIXED PRICE,SMALL BUSINESS SET ASIDE - TOTAL,DCSO PHILADELPHIA,AC33 NATIONAL DEFENSE R&D SERVICES; DEFENSE-RELATED ACTIVITIES; EXPERIMENTAL DEVELOPMENT,"541715 RESEARCH AND DEVELOPMENT IN THE PHYSICAL, ENGINEERING, AND LIFE SCIENCES (EXCEPT NANOTECHNOLOGY AND BIOTECHNOLOGY)",Department of Defense,Defense Logistics Agency,DEFINITIVE CONTRACT,2024-12-30,2026-04-30,2025-01-27,CONT_AWD_SP470125C0030_9700_-NONE-_-NONE-,2024-12-30,SP4701
SP470125C0031,2024-12-23,"SOLVE TECHNOLOGY AND RESEARCH, INC",1197779.0,"SOLVE TECHNOLOGY: SBIR PHASE II PROPOSAL NUMBER:L2S-0048 PROPOSAL TITLE:"" ADVANCED RECOVERY AND REUSE TECHNOLOGY OF METAL POWDER FOR HIGH PART QUALITY IN ADDITIVE MANUFACTURING"" TOPIC NUMBER:DLA211-005",516,262,>60,,NEGOTIATED PROPOSAL/QUOTE,FULL AND OPEN COMPETITION AFTER EXCLUSION OF SOURCES,1,FIXED PRICE LEVEL OF EFFORT,SMALL BUSINESS SET ASIDE - TOTAL,DCSO PHILADELPHIA,AC33 NATIONAL DEFENSE R&D SERVICES; DEFENSE-RELATED ACTIVITIES; EXPERIMENTAL DEVELOPMENT,"541715 RESEARCH AND DEVELOPMENT IN THE PHYSICAL, ENGINEERING, AND LIFE SCIENCES (EXCEPT NANOTECHNOLOGY AND BIOTECHNOLOGY)",Department of Defense,Defense Logistics Agency,DEFINITIVE CONTRACT,2024-12-23,2026-05-23,2025-02-03,CONT_AWD_SP470125C0031_9700_-NONE-_-NONE-,2024-12-23,SP4701
SP470125C0032,2025-01-21,"ADVANCED CERAMICS MANUFACTURING, LLC",1799999.0,"ADVANCED CERAMICS MANUFACTURING, LLC: STTR PHASE II PROPOSAL NUMBER:L2-0506 PROPOSAL TITLE:HIGH ENTROPY TPS MATERIALS",699,474,>60,,NEGOTIATED PROPOSAL/QUOTE,FULL AND OPEN COMPETITION AFTER EXCLUSION OF SOURCES,1,FIXED PRICE LEVEL OF EFFORT,SMALL BUSINESS SET ASIDE - TOTAL,DCSO PHILADELPHIA,AC33 NATIONAL DEFENSE R&D SERVICES; DEFENSE-RELATED ACTIVITIES; EXPERIMENTAL DEVELOPMENT,"541715 RESEARCH AND DEVELOPMENT IN THE PHYSICAL, ENGINEERING, AND LIFE SCIENCES (EXCEPT NANOTECHNOLOGY AND BIOTECHNOLOGY)",Department of Defense,Defense Logistics Agency,DEFINITIVE CONTRACT,2025-01-21,2026-12-21,2025-04-02,CONT_AWD_SP470125C0032_9700_-NONE-_-NONE-,2025-01-21,SP4701
SP470125C0033,2025-01-28,"VIMAAN ROBOTICS, INC.",680963.26,"VIMAAN ROBOTICS INC. PHASE III FEASIBILITY STUDY UNDER STRATEGIC DISTRIBUTION AND DISPOSITION BAA, TITLED, AUTOMATED CYCLE COUNTING AND ASSET VISIBILITY FOR HIGH ACCURACY INVENTORY MANAGEMENT",337,119,>60,,NEGOTIATED PROPOSAL/QUOTE,FULL AND OPEN COMPETITION AFTER EXCLUSION OF SOURCES,1,FIRM FIXED PRICE,SMALL BUSINESS SET ASIDE - TOTAL,DCSO PHILADELPHIA,AC33 NATIONAL DEFENSE R&D SERVICES; DEFENSE-RELATED ACTIVITIES; EXPERIMENTAL DEVELOPMENT,"541715 RESEARCH AND DEVELOPMENT IN THE PHYSICAL, ENGINEERING, AND LIFE SCIENCES (EXCEPT NANOTECHNOLOGY AND BIOTECHNOLOGY)",Department of Defense,Defense Logistics Agency,DEFINITIVE CONTRACT,2025-01-28,2025-12-31,2025-05-01,CONT_AWD_SP470125C0033_9700_-NONE-_-NONE-,2025-01-28,SP4701
SP470125C0034,2024-12-18,THREAT REDUCTION SOLUTIONS LLC,600000.0,"COMPASS A RISK BASED APPROACH TO CLASS IV PROCUREMENT IN FOREIGN, REMOTE, AND AUSTERE LOCATIONS - EMERGENT IV",378,119,>60,,NEGOTIATED PROPOSAL/QUOTE,FULL AND OPEN COMPETITION AFTER EXCLUSION OF SOURCES,1,FIRM FIXED PRICE,SMALL BUSINESS SET ASIDE - TOTAL,DCSO PHILADELPHIA,AC33 NATIONAL DEFENSE R&D SERVICES; DEFENSE-RELATED ACTIVITIES; EXPERIMENTAL DEVELOPMENT,"541715 RESEARCH AND DEVELOPMENT IN THE PHYSICAL, ENGINEERING, AND LIFE SCIENCES (EXCEPT NANOTECHNOLOGY AND BIOTECHNOLOGY)",Department of Defense,Defense Logistics Agency,DEFINITIVE CONTRACT,2024-12-18,2025-12-31,2024-12-30,CONT_AWD_SP470125C0034_9700_-NONE-_-NONE-,2024-12-18,SP4701
SP470125C0035,2024-12-18,"AKUA, INC.",599610.5,SATELLITE BASED GLOBAL PALLET LEVEL TRACKING AND HERO ASSESSMENT RESEARCH & DEVELOPMENT (R&D) - EMERGENT IV,378,119,>60,,NEGOTIATED PROPOSAL/QUOTE,FULL AND OPEN COMPETITION AFTER EXCLUSION OF SOURCES,1,FIRM FIXED PRICE,SMALL BUSINESS SET ASIDE - TOTAL,DCSO PHILADELPHIA,AC33 NATIONAL DEFENSE R&D SERVICES; DEFENSE-RELATED ACTIVITIES; EXPERIMENTAL DEVELOPMENT,"541715 RESEARCH AND DEVELOPMENT IN THE PHYSICAL, ENGINEERING, AND LIFE SCIENCES (EXCEPT NANOTECHNOLOGY AND BIOTECHNOLOGY)",Department of Defense,Defense Logistics Agency,DEFINITIVE CONTRACT,2024-12-18,2025-12-31,2024-12-30,CONT_AWD_SP470125C0035_9700_-NONE-_-NONE-,2024-12-18,SP4701
SP470125C0036,2025-01-23,ULTRAMET,1000000.0,"STTR PHASE II PEPIN ASSOCIATES PROPOSAL  L2S-0055 TITLED ULTRAMETS PROPOSAL INCREASED COMPONENT SIZE OF CF ZRC CMCS FOR HYPERSONIC AND RELATED, TENDERED UNDER TOPIC DLA212-007 ADVERTISED IN SBIR BROAD AGENCY ANNOUNCEMENT BAA SBIR 22.2",729,524,>60,,NEGOTIATED PROPOSAL/QUOTE,FULL AND OPEN COMPETITION AFTER EXCLUSION OF SOURCES,1,FIXED PRICE LEVEL OF EFFORT,SMALL BUSINESS SET ASIDE - TOTAL,DCSO PHILADELPHIA,AC33 NATIONAL DEFENSE R&D SERVICES; DEFENSE-RELATED ACTIVITIES; EXPERIMENTAL DEVELOPMENT,"541715 RESEARCH AND DEVELOPMENT IN THE PHYSICAL, ENGINEERING, AND LIFE SCIENCES (EXCEPT NANOTECHNOLOGY AND BIOTECHNOLOGY)",Department of Defense,Defense Logistics Agency,DEFINITIVE CONTRACT,2025-02-10,2027-02-09,2025-01-23,CONT_AWD_SP470125C0036_9700_-NONE-_-NONE-,2025-01-23,SP4701
SP470125C0037,2024-12-27,PEPIN ASSOCIATES INC,1584671.0,"STTR PHASE II PEPIN ASSOCIATES PROPOSAL #L2S-0060 TITLED ""FORMABLE, DISCONTINUOUS PREFORMS FOR ADVANCED CERAMIC MATRIX COMPOSITE HYPERSONIC STRUCTURES"" TENDERED UNDER TOPIC #DLA23A-003 ADVERTISED IN STTR BROAD AGENCY ANNOUNCEMENT #STTR 23.A",730,480,>60,,NEGOTIATED PROPOSAL/QUOTE,FULL AND OPEN COMPETITION AFTER EXCLUSION OF SOURCES,1,FIXED PRICE LEVEL OF EFFORT,SMALL BUSINESS SET ASIDE - TOTAL,DCSO PHILADELPHIA,AC33 NATIONAL DEFENSE R&D SERVICES; DEFENSE-RELATED ACTIVITIES; EXPERIMENTAL DEVELOPMENT,"541715 RESEARCH AND DEVELOPMENT IN THE PHYSICAL, ENGINEERING, AND LIFE SCIENCES (EXCEPT NANOTECHNOLOGY AND BIOTECHNOLOGY)",Department of Defense,Defense Logistics Agency,DEFINITIVE CONTRACT,2024-12-27,2026-12-27,2025-01-13,CONT_AWD_SP470125C0037_9700_-NONE-_-NONE-,2024-12-27,SP4701
SP470125C0040,2025-03-03,CTS CEMENT MANUFACTURING CORP,1799451.0,"SBIR PHASE II: CTS CEMENT MANUFACTURING CORP. SP4701-25-C-0040 PROPOSAL#:L2-0484 PROPOSAL TITLE: ""RAPID-SETTING AND HEAT-RESISTANT CONCRETE FOR INFRASTRUCTURE REPAIRS IN REMOTE AND STRATEGICALLY SIGNIFICANT AIRFIELDS""",671,487,>60,,NEGOTIATED PROPOSAL/QUOTE,FULL AND OPEN COMPETITION AFTER EXCLUSION OF SOURCES,1,FIXED PRICE LEVEL OF EFFORT,SMALL BUSINESS SET ASIDE - TOTAL,DCSO PHILADELPHIA,AC33 NATIONAL DEFENSE R&D SERVICES; DEFENSE-RELATED ACTIVITIES; EXPERIMENTAL DEVELOPMENT,"541715 RESEARCH AND DEVELOPMENT IN THE PHYSICAL, ENGINEERING, AND LIFE SCIENCES (EXCEPT NANOTECHNOLOGY AND BIOTECHNOLOGY)",Department of Defense,Defense Logistics Agency,DEFINITIVE CONTRACT,2025-03-03,2027-01-03,2025-03-20,CONT_AWD_SP470125C0040_9700_-NONE-_-NONE-,2025-03-03,SP4701
SP470125C0042,2025-01-13,"KANEY AEROSPACE, INC.",646459.0,"SBIR PHASE II KANEY AEROSPACE PROPOSAL #L2-0491 TITLED ""FINAL DEVELOPMENT & QUALIFICATION OF NSN 5996-01-419-3249 AIRCRAFT SYNCHRONOUS AMPLIFIER""  TENDERED UNDER TOPIC #DLA 231-001 ADVERTISED IN SBIR BAA #SBIR 23.1",243,10,1-14,,NEGOTIATED PROPOSAL/QUOTE,FULL AND OPEN COMPETITION AFTER EXCLUSION OF SOURCES,1,FIXED PRICE LEVEL OF EFFORT,SMALL BUSINESS SET ASIDE - TOTAL,DCSO PHILADELPHIA,AC33 NATIONAL DEFENSE R&D SERVICES; DEFENSE-RELATED ACTIVITIES; EXPERIMENTAL DEVELOPMENT,"541715 RESEARCH AND DEVELOPMENT IN THE PHYSICAL, ENGINEERING, AND LIFE SCIENCES (EXCEPT NANOTECHNOLOGY AND BIOTECHNOLOGY)",Department of Defense,Defense Logistics Agency,DEFINITIVE CONTRACT,2025-01-13,2025-09-13,2025-04-02,CONT_AWD_SP470125C0042_9700_-NONE-_-NONE-,2025-01-13,SP4701
SP470125C0043,2025-01-22,"A&B FOUNDRY, LLC",480268.0,A&B FOUNDRY SMALL BUSINESS INNOVATION RESEARCH (SBIR) PHASE III - PROPOSAL PH III-0013 TENDERED UNDER TOPIC DLA231-001 FOR B-2 BOMBER COUPLING SHEAR REPRESENTATIVE ARTICLES,151,-73,Ended,,NEGOTIATED PROPOSAL/QUOTE,FULL AND OPEN COMPETITION AFTER EXCLUSION OF SOURCES,1,FIRM FIXED PRICE,SMALL BUSINESS SET ASIDE - TOTAL,DO NOT SHIP MATERIEL/MROS TO DODAAC,AC33 NATIONAL DEFENSE R&D SERVICES; DEFENSE-RELATED ACTIVITIES; EXPERIMENTAL DEVELOPMENT,"541715 RESEARCH AND DEVELOPMENT IN THE PHYSICAL, ENGINEERING, AND LIFE SCIENCES (EXCEPT NANOTECHNOLOGY AND BIOTECHNOLOGY)",Department of Defense,Defense Logistics Agency,DEFINITIVE CONTRACT,2025-01-22,2025-06-22,2025-03-05,CONT_AWD_SP470125C0043_9700_-NONE-_-NONE-,2025-01-22,SP4701
SP470125C0044,2025-02-26,MENTIS SCIENCES INC,3271904.0,SMALL BUSINESS INNOVATIVE RESEARCH SBIR PHASE III MENTIS SCIENCES PROPOSAL MSI 24-0612 FOR HYPERSONIC RADOME AND APERTURE MANUFACTURING IMPROVEMENTS UNDER SBIR 15.2-001 PROGRAM BROAD AGENCY ANNOUNCEMENT,730,541,>60,,NEGOTIATED PROPOSAL/QUOTE,FULL AND OPEN COMPETITION AFTER EXCLUSION OF SOURCES,1,FIRM FIXED PRICE,SMALL BUSINESS SET ASIDE - TOTAL,DCSO PHILADELPHIA,AC33 NATIONAL DEFENSE R&D SERVICES; DEFENSE-RELATED ACTIVITIES; EXPERIMENTAL DEVELOPMENT,"541715 RESEARCH AND DEVELOPMENT IN THE PHYSICAL, ENGINEERING, AND LIFE SCIENCES (EXCEPT NANOTECHNOLOGY AND BIOTECHNOLOGY)",Department of Defense,Defense Logistics Agency,DEFINITIVE CONTRACT,2025-02-26,2027-02-26,2025-04-02,CONT_AWD_SP470125C0044_9700_-NONE-_-NONE-,2025-02-26,SP4701
SP470125C0045,2025-01-23,"BASCOM HUNTER TECHNOLOGIES, INC.",1796607.0,NAVY VACUUM PUMP REPLACEMENT WITH IMPROVEMENTS SBIR II CONTRACT OSD FUNDED,545,322,>60,,NEGOTIATED PROPOSAL/QUOTE,FULL AND OPEN COMPETITION AFTER EXCLUSION OF SOURCES,1,FIRM FIXED PRICE,SMALL BUSINESS SET ASIDE - TOTAL,DCSO PHILADELPHIA,AC33 NATIONAL DEFENSE R&D SERVICES; DEFENSE-RELATED ACTIVITIES; EXPERIMENTAL DEVELOPMENT,"541715 RESEARCH AND DEVELOPMENT IN THE PHYSICAL, ENGINEERING, AND LIFE SCIENCES (EXCEPT NANOTECHNOLOGY AND BIOTECHNOLOGY)",Department of Defense,Defense Logistics Agency,DEFINITIVE CONTRACT,2025-01-23,2026-07-22,2025-04-03,CONT_AWD_SP470125C0045_9700_-NONE-_-NONE-,2025-01-23,SP4701
SP470125C0047,2025-03-13,INTELLISENSE SYSTEMS INC,999959.0,"INTELLISENSE SYSTEMS INC.: SBIR PHASE II PROPOSAL#:L2-0511 PROPOSAL TITLE:""PALADIN A6 COMPUTER UNIT PROCUREMENT""",729,555,>60,,NEGOTIATED PROPOSAL/QUOTE,FULL AND OPEN COMPETITION AFTER EXCLUSION OF SOURCES,1,FIXED PRICE LEVEL OF EFFORT,SMALL BUSINESS SET ASIDE - TOTAL,DCSO PHILADELPHIA,AC33 NATIONAL DEFENSE R&D SERVICES; DEFENSE-RELATED ACTIVITIES; EXPERIMENTAL DEVELOPMENT,"541715 RESEARCH AND DEVELOPMENT IN THE PHYSICAL, ENGINEERING, AND LIFE SCIENCES (EXCEPT NANOTECHNOLOGY AND BIOTECHNOLOGY)",Department of Defense,Defense Logistics Agency,DEFINITIVE CONTRACT,2025-03-13,2027-03-12,2025-03-13,CONT_AWD_SP470125C0047_9700_-NONE-_-NONE-,2025-03-13,SP4701
SP470125C0048,2025-03-12,U.S. VANADIUM LLC,1631452.0,ESTABLISHING U.S. PRODUCTION CAPACITY OF HIGH-PURITY VANADIUM OXIDE IN A FORM THAT ENABLES GREATER U.S PRODUCTION OF AEROSPACE-GRADE TITANIUM ALLOYS - EMERGENT IV,364,189,>60,,NEGOTIATED PROPOSAL/QUOTE,FULL AND OPEN COMPETITION AFTER EXCLUSION OF SOURCES,1,FIRM FIXED PRICE,SMALL BUSINESS SET ASIDE - TOTAL,DCSO PHILADELPHIA,AC33 NATIONAL DEFENSE R&D SERVICES; DEFENSE-RELATED ACTIVITIES; EXPERIMENTAL DEVELOPMENT,"541715 RESEARCH AND DEVELOPMENT IN THE PHYSICAL, ENGINEERING, AND LIFE SCIENCES (EXCEPT NANOTECHNOLOGY AND BIOTECHNOLOGY)",Department of Defense,Defense Logistics Agency,DEFINITIVE CONTRACT,2025-03-12,2026-03-11,2025-03-25,CONT_AWD_SP470125C0048_9700_-NONE-_-NONE-,2025-03-12,SP4701
SP470125C0049,2025-04-02,HARRISBURG UNIVERSITY OF SCIENCE & TECHNOLOGY,550000.0,"ENABLING MANUFACTURING, RE-MANUFACTURING, REPAIR AND EXPEDITIONARY MANUFACTURING THROUGH ARTIFICIAL INTELLIGENCE ASSISTED DIGITAL PROCESSES",728,574,>60,,NEGOTIATED PROPOSAL/QUOTE,FULL AND OPEN COMPETITION,1,FIRM FIXED PRICE,NO SET ASIDE USED.,DCSO PHILADELPHIA,AC33 NATIONAL DEFENSE R&D SERVICES; DEFENSE-RELATED ACTIVITIES; EXPERIMENTAL DEVELOPMENT,"541715 RESEARCH AND DEVELOPMENT IN THE PHYSICAL, ENGINEERING, AND LIFE SCIENCES (EXCEPT NANOTECHNOLOGY AND BIOTECHNOLOGY)",Department of Defense,Defense Logistics Agency,DEFINITIVE CONTRACT,2025-04-02,2027-03-31,2025-04-02,CONT_AWD_SP470125C0049_9700_-NONE-_-NONE-,2025-04-02,SP4701
SP470125C0050,2025-04-07,RUSSELL TECHNICAL CONSULTING SERVICES LLC,1799933.0,"STTR PHASE II RUSSELL TECHNICAL PROPOSAL L2S-0062 TITLED ""COST EFFECTIVE TPS MATERIAL PERFORMANCE CHARACTERIZATION FOR HYPERSONIC APPLICATIONS"" TENDERED UNDER TOPIC DLA23A-003 ADVERTISED IN STTR BROAD AGENCY ANNOUNCEMENT (BAA) STTR 23.A.",548,399,>60,,NEGOTIATED PROPOSAL/QUOTE,FULL AND OPEN COMPETITION AFTER EXCLUSION OF SOURCES,1,FIXED PRICE LEVEL OF EFFORT,SMALL BUSINESS SET ASIDE - TOTAL,DCSO PHILADELPHIA,AC33 NATIONAL DEFENSE R&D SERVICES; DEFENSE-RELATED ACTIVITIES; EXPERIMENTAL DEVELOPMENT,"541715 RESEARCH AND DEVELOPMENT IN THE PHYSICAL, ENGINEERING, AND LIFE SCIENCES (EXCEPT NANOTECHNOLOGY AND BIOTECHNOLOGY)",Department of Defense,Defense Logistics Agency,DEFINITIVE CONTRACT,2025-04-07,2026-10-07,2025-07-01,CONT_AWD_SP470125C0050_9700_-NONE-_-NONE-,2025-04-07,SP4701
SP470125C0051,2025-05-20,"TEX-TECH ENGINEERED COMPOSITES, LLC",3250814.16,TEX-TECH ENGINEERED COMPOSITES AWARD UNDER EMERGENT IV BAA CARBONIZATION CAPABILITY FOR  REENTRY VEHICLE HEAT SHIELD MATERIALS,548,442,>60,,NEGOTIATED PROPOSAL/QUOTE,FULL AND OPEN COMPETITION,1,FIRM FIXED PRICE,NO SET ASIDE USED.,DCSO PHILADELPHIA,AC33 NATIONAL DEFENSE R&D SERVICES; DEFENSE-RELATED ACTIVITIES; EXPERIMENTAL DEVELOPMENT,"541715 RESEARCH AND DEVELOPMENT IN THE PHYSICAL, ENGINEERING, AND LIFE SCIENCES (EXCEPT NANOTECHNOLOGY AND BIOTECHNOLOGY)",Department of Defense,Defense Logistics Agency,DEFINITIVE CONTRACT,2025-05-20,2026-11-19,2025-05-20,CONT_AWD_SP470125C0051_9700_-NONE-_-NONE-,2025-05-20,SP4701
SP470125C0052,2025-04-22,UNIVERSITY OF ILLINOIS,1629451.0,"EVALUATION AND PROCESS DEVELOPMENT FOR THE HICKS DOME REE-NB-F DEPOSIT, ILLINOIS",557,423,>60,,NEGOTIATED PROPOSAL/QUOTE,FULL AND OPEN COMPETITION,1,FIRM FIXED PRICE,NO SET ASIDE USED.,DCSO PHILADELPHIA,AC33 NATIONAL DEFENSE R&D SERVICES; DEFENSE-RELATED ACTIVITIES; EXPERIMENTAL DEVELOPMENT,"541715 RESEARCH AND DEVELOPMENT IN THE PHYSICAL, ENGINEERING, AND LIFE SCIENCES (EXCEPT NANOTECHNOLOGY AND BIOTECHNOLOGY)",Department of Defense,Defense Logistics Agency,DEFINITIVE CONTRACT,2025-04-22,2026-10-31,2025-05-06,CONT_AWD_SP470125C0052_9700_-NONE-_-NONE-,2025-04-22,SP4701
SP470125C0053,2025-04-10,"6K ADDITIVE, LLC",1629411.0,"ENHANCING AEROSPACE BEARING SUPPLY CHAIN - EMERGENT IV, SBIR BAA TOPIC DLA183-013, REDUCTION OF CRITICAL MATERIAL IMPORTS BY CONVERTING UNTAPPED DOMESTIC SOURCES OF TITANIUM C-103 NIOBIUM INTO SPHERICAL ALLOY POWDERS & INGOTS",305,159,>60,,NEGOTIATED PROPOSAL/QUOTE,FULL AND OPEN COMPETITION AFTER EXCLUSION OF SOURCES,1,FIXED PRICE LEVEL OF EFFORT,SMALL BUSINESS SET ASIDE - TOTAL,DO NOT SHIP MATERIEL/MROS TO DODAAC,AC33 NATIONAL DEFENSE R&D SERVICES; DEFENSE-RELATED ACTIVITIES; EXPERIMENTAL DEVELOPMENT,"541715 RESEARCH AND DEVELOPMENT IN THE PHYSICAL, ENGINEERING, AND LIFE SCIENCES (EXCEPT NANOTECHNOLOGY AND BIOTECHNOLOGY)",Department of Defense,Defense Logistics Agency,DEFINITIVE CONTRACT,2025-04-10,2026-02-09,2025-05-01,CONT_AWD_SP470125C0053_9700_-NONE-_-NONE-,2025-04-10,SP4701
SP470125C0054,2025-04-03,"CORSHA, INC",250000.0,ADVANCED CYBERSECURITY AND IDENTITY MANAGEMENT FOR CRITICAL ADDITIVE MANUFACTURING SYSTEMS,362,209,>60,,NEGOTIATED PROPOSAL/QUOTE,FULL AND OPEN COMPETITION,1,FIRM FIXED PRICE,NO SET ASIDE USED.,DCSO PHILADELPHIA,AC33 NATIONAL DEFENSE R&D SERVICES; DEFENSE-RELATED ACTIVITIES; EXPERIMENTAL DEVELOPMENT,"541715 RESEARCH AND DEVELOPMENT IN THE PHYSICAL, ENGINEERING, AND LIFE SCIENCES (EXCEPT NANOTECHNOLOGY AND BIOTECHNOLOGY)",Department of Defense,Defense Logistics Agency,DEFINITIVE CONTRACT,2025-04-03,2026-03-31,2025-05-05,CONT_AWD_SP470125C0054_9700_-NONE-_-NONE-,2025-04-03,SP4701
SP470125C0055,2025-04-09,EMELODY WORLDWIDE INC,250000.0,CHARACTERIZATION OF ADDITIVE MANUFACTURED PARTS THAT REQUIRE SECONDARY CNC MANUFACTURING,297,150,>60,,NEGOTIATED PROPOSAL/QUOTE,FULL AND OPEN COMPETITION,1,FIRM FIXED PRICE,NO SET ASIDE USED.,DCSO PHILADELPHIA,AC33 NATIONAL DEFENSE R&D SERVICES; DEFENSE-RELATED ACTIVITIES; EXPERIMENTAL DEVELOPMENT,"541715 RESEARCH AND DEVELOPMENT IN THE PHYSICAL, ENGINEERING, AND LIFE SCIENCES (EXCEPT NANOTECHNOLOGY AND BIOTECHNOLOGY)",Department of Defense,Defense Logistics Agency,DEFINITIVE CONTRACT,2025-04-09,2026-01-31,2025-05-06,CONT_AWD_SP470125C0055_9700_-NONE-_-NONE-,2025-04-09,SP4701
SP470125C0056,2025-04-15,"LMI CONSULTING, LLC",1000000.0,LMI: INCREMENTAL FUNDING  BAA 0004-21 SUBSISTENCE NETWORK BROAD AGENCY ANNOUNCEMENT DESCRIPTION:BARCODE VALIDATION & OPRATS EXPANSION,729,588,>60,,NEGOTIATED PROPOSAL/QUOTE,FULL AND OPEN COMPETITION AFTER EXCLUSION OF SOURCES,1,COST PLUS FIXED FEE,SMALL BUSINESS SET ASIDE - TOTAL,DCSO PHILADELPHIA,AC33 NATIONAL DEFENSE R&D SERVICES; DEFENSE-RELATED ACTIVITIES; EXPERIMENTAL DEVELOPMENT,"541715 RESEARCH AND DEVELOPMENT IN THE PHYSICAL, ENGINEERING, AND LIFE SCIENCES (EXCEPT NANOTECHNOLOGY AND BIOTECHNOLOGY)",Department of Defense,Defense Logistics Agency,DEFINITIVE CONTRACT,2025-04-15,2027-04-14,2025-04-15,CONT_AWD_SP470125C0056_9700_-NONE-_-NONE-,2025-04-15,SP4701
SP470125C0057,2025-04-23,ALKEMIX CORPORATION,2090000.0,ALKEMIX CORP.: STTR PHASE II TOPIC NUMBER:DLA23A-003 PROPOSAL NUMBER: L2S-0067 PROPOSAL TITLE:TPS FOR HYPERSONIC APPLICATIONS,729,596,>60,,NEGOTIATED PROPOSAL/QUOTE,FULL AND OPEN COMPETITION AFTER EXCLUSION OF SOURCES,1,FIXED PRICE LEVEL OF EFFORT,SMALL BUSINESS SET ASIDE - TOTAL,DCSO PHILADELPHIA,AC33 NATIONAL DEFENSE R&D SERVICES; DEFENSE-RELATED ACTIVITIES; EXPERIMENTAL DEVELOPMENT,"541715 RESEARCH AND DEVELOPMENT IN THE PHYSICAL, ENGINEERING, AND LIFE SCIENCES (EXCEPT NANOTECHNOLOGY AND BIOTECHNOLOGY)",Department of Defense,Defense Logistics Agency,DEFINITIVE CONTRACT,2025-04-23,2027-04-22,2025-04-23,CONT_AWD_SP470125C0057_9700_-NONE-_-NONE-,2025-04-23,SP4701
SP470125C0059,2025-05-27,THE CHEMOURS CO FC LLC,4115254.03,"RECOVERY OF SCANDIUM, VANADIUM, AND MIXED RARE EARTH ELEMENTS  FROM THE METAL CHLORIDE CO-PRODUCT OF CHLORIDE PROCESS TITANIUM DIOXIDE  PRODUCTION",734,635,>60,,NEGOTIATED PROPOSAL/QUOTE,FULL AND OPEN COMPETITION,1,FIRM FIXED PRICE,NO SET ASIDE USED.,DCSO PHILADELPHIA,AC33 NATIONAL DEFENSE R&D SERVICES; DEFENSE-RELATED ACTIVITIES; EXPERIMENTAL DEVELOPMENT,"541715 RESEARCH AND DEVELOPMENT IN THE PHYSICAL, ENGINEERING, AND LIFE SCIENCES (EXCEPT NANOTECHNOLOGY AND BIOTECHNOLOGY)",Department of Defense,Defense Logistics Agency,DEFINITIVE CONTRACT,2025-05-27,2027-05-31,2025-05-27,CONT_AWD_SP470125C0059_9700_-NONE-_-NONE-,2025-05-27,SP4701
SP470125C0063,2025-05-12,VIBRANT CORP,2008655.0,"STTR PHASE II VIBRANT CORP PROPOSAL L2S-0077 TITLED "" PCRT FOR IMPROVED DEFECT DETECTION, SUSTAINMENT EFFICIENCY, AND FLEET READINESS FOR NAVY LANDING GEAR COMPONENTS"" TENDERED UNDER TOPIC #DLA 15C-001 ADVERTISED IN STTR BAA #DLA15.C.",729,615,>60,,NEGOTIATED PROPOSAL/QUOTE,FULL AND OPEN COMPETITION AFTER EXCLUSION OF SOURCES,1,FIXED PRICE LEVEL OF EFFORT,SMALL BUSINESS SET ASIDE - TOTAL,DCSO PHILADELPHIA,AC33 NATIONAL DEFENSE R&D SERVICES; DEFENSE-RELATED ACTIVITIES; EXPERIMENTAL DEVELOPMENT,"541715 RESEARCH AND DEVELOPMENT IN THE PHYSICAL, ENGINEERING, AND LIFE SCIENCES (EXCEPT NANOTECHNOLOGY AND BIOTECHNOLOGY)",Department of Defense,Defense Logistics Agency,DEFINITIVE CONTRACT,2025-05-12,2027-05-11,2025-07-01,CONT_AWD_SP470125C0063_9700_-NONE-_-NONE-,2025-05-12,SP4701
SP470125C0065,2025-05-29,ALKEMIX CORPORATION,250000.0,"ENHANCING AEROSPACE BEARING SUPPLY CHAIN - EMERGENT IV, SBIR BAA TOPIC DLA203-005, TPS MATERIALS FOR HYPERSONIC APPLICATION (PREPARING DOMESTIC OXIDIZED PAN FIBER (OPF) FOR DOWNSTREAM PROCESSING)",275,178,>60,,NEGOTIATED PROPOSAL/QUOTE,FULL AND OPEN COMPETITION AFTER EXCLUSION OF SOURCES,1,FIXED PRICE LEVEL OF EFFORT,SMALL BUSINESS SET ASIDE - TOTAL,DO NOT SHIP MATERIEL/MROS TO DODAAC,AC33 NATIONAL DEFENSE R&D SERVICES; DEFENSE-RELATED ACTIVITIES; EXPERIMENTAL DEVELOPMENT,"541715 RESEARCH AND DEVELOPMENT IN THE PHYSICAL, ENGINEERING, AND LIFE SCIENCES (EXCEPT NANOTECHNOLOGY AND BIOTECHNOLOGY)",Department of Defense,Defense Logistics Agency,DEFINITIVE CONTRACT,2025-05-29,2026-02-28,2025-06-03,CONT_AWD_SP470125C0065_9700_-NONE-_-NONE-,2025-05-29,SP4701
SP470125C0066,2025-05-08,"AIR COMPANY HOLDINGS, INC.",0.0,"STRATFI PROGRAM SBIR PHASE II PREVIOUS AF CONTRACT ""FA844924P0467"" FOR ""FIXED AND FORWARD FUEL GENERATION"".",418,300,>60,,NEGOTIATED PROPOSAL/QUOTE,FULL AND OPEN COMPETITION AFTER EXCLUSION OF SOURCES,1,FIXED PRICE LEVEL OF EFFORT,SMALL BUSINESS SET ASIDE - TOTAL,DCSO PHILADELPHIA,AC33 NATIONAL DEFENSE R&D SERVICES; DEFENSE-RELATED ACTIVITIES; EXPERIMENTAL DEVELOPMENT,"541715 RESEARCH AND DEVELOPMENT IN THE PHYSICAL, ENGINEERING, AND LIFE SCIENCES (EXCEPT NANOTECHNOLOGY AND BIOTECHNOLOGY)",Department of Defense,Defense Logistics Agency,DEFINITIVE CONTRACT,2025-05-08,2026-06-30,2025-07-01,CONT_AWD_SP470125C0066_9700_-NONE-_-NONE-,2025-05-08,SP4701
SP470125F0021,2024-11-25,XSB INC,15000.0,"MILITARY UNIFORM SYSTEM TECHNOLOGY(MUST II) EXB PARTNER OP 4 TASK ORDER $15,000.00",364,131,>60,,SUBJECT TO MULTIPLE AWARD FAIR OPPORTUNITY,FULL AND OPEN COMPETITION,1,COST NO FEE,,DCSO PHILADELPHIA,AC33 NATIONAL DEFENSE R&D SERVICES; DEFENSE-RELATED ACTIVITIES; EXPERIMENTAL DEVELOPMENT,"541715 RESEARCH AND DEVELOPMENT IN THE PHYSICAL, ENGINEERING, AND LIFE SCIENCES (EXCEPT NANOTECHNOLOGY AND BIOTECHNOLOGY)",Department of Defense,Defense Logistics Agency,DELIVERY ORDER,2025-01-13,2026-01-12,2024-11-26,CONT_AWD_SP470125F0021_9700_SP470121D8000_9700,2024-11-25,SP4701
SP470125F0022,2024-11-22,"LMI CONSULTING, LLC",15000.0,"MILITARY UNIFORM SYSTEM TECHNOLOGY (MUST II) LMI PARTNER OP 4 TASK ORDER $15,000.00",364,131,>60,,SUBJECT TO MULTIPLE AWARD FAIR OPPORTUNITY,FULL AND OPEN COMPETITION,1,COST NO FEE,,DCSO PHILADELPHIA,AC33 NATIONAL DEFENSE R&D SERVICES; DEFENSE-RELATED ACTIVITIES; EXPERIMENTAL DEVELOPMENT,"541715 RESEARCH AND DEVELOPMENT IN THE PHYSICAL, ENGINEERING, AND LIFE SCIENCES (EXCEPT NANOTECHNOLOGY AND BIOTECHNOLOGY)",Department of Defense,Defense Logistics Agency,DELIVERY ORDER,2025-01-13,2026-01-12,2024-11-26,CONT_AWD_SP470125F0022_9700_SP470121D8001_9700,2024-11-22,SP4701
SP470125F0023,2024-12-10,"LMI CONSULTING, LLC",497283.0,"LMI SMART CONTRACTS DLA CONTRACTING AUTOMATION & VISIBILITY PROOF OF CONCEPT FOR SMART CONTRACTS(TASK ORDER SP4701-25-F-0023 UNDER IDIQ SP4701-24-D1678)  PERIOD OF PERFORMANCE: 12 MONTHS TOTAL  AMOUNT OF TASK ORDER: $497,283.00",365,98,>60,,NEGOTIATED PROPOSAL/QUOTE,FULL AND OPEN COMPETITION,,COST PLUS FIXED FEE,,DCSO PHILADELPHIA,AC33 NATIONAL DEFENSE R&D SERVICES; DEFENSE-RELATED ACTIVITIES; EXPERIMENTAL DEVELOPMENT,"541715 RESEARCH AND DEVELOPMENT IN THE PHYSICAL, ENGINEERING, AND LIFE SCIENCES (EXCEPT NANOTECHNOLOGY AND BIOTECHNOLOGY)",Department of Defense,Defense Logistics Agency,DELIVERY ORDER,2024-12-10,2025-12-10,2025-04-17,CONT_AWD_SP470125F0023_9700_SP470124D1678_9700,2024-12-10,SP4701
SP470125F0044,2024-12-18,ACCENTURE FEDERAL SERVICES LLC,599661.19,TASK ORDER SHORT TERM PROJECT (STP) FOR AMIDA  ENTERPRISE EXPANSION MEDICAL AND C&T WEAPON SYSTEM SUSTAINMENT PROGRAM PROJECT UNDER WSSP BAA0002 19,254,-5,Ended,,NEGOTIATED PROPOSAL/QUOTE,FULL AND OPEN COMPETITION,,COST PLUS FIXED FEE,,DCSO PHILADELPHIA,AC33 NATIONAL DEFENSE R&D SERVICES; DEFENSE-RELATED ACTIVITIES; EXPERIMENTAL DEVELOPMENT,"541715 RESEARCH AND DEVELOPMENT IN THE PHYSICAL, ENGINEERING, AND LIFE SCIENCES (EXCEPT NANOTECHNOLOGY AND BIOTECHNOLOGY)",Department of Defense,Defense Logistics Agency,DELIVERY ORDER,2024-12-18,2025-08-29,2025-05-12,CONT_AWD_SP470125F0044_9700_SP470120D9029_9700,2024-12-18,SP4701
SP470125F0100,2025-04-29,ADVANCED TECHNOLOGY INTERNATIONAL,3521871.0,"SP470123D5001, SP470124F0005, ADVANCED TECHNOLOGY INTERNATIONAL (ATI), DLA EMERGENT METAL CASTINGS PROGRAM, ALUMINUM CASTING PERFORMANCE INITIATIVE (ACPI)",1095,970,>60,,NEGOTIATED PROPOSAL/QUOTE,FULL AND OPEN COMPETITION,,COST SHARING,,DCSO PHILADELPHIA,AC33 NATIONAL DEFENSE R&D SERVICES; DEFENSE-RELATED ACTIVITIES; EXPERIMENTAL DEVELOPMENT,"541715 RESEARCH AND DEVELOPMENT IN THE PHYSICAL, ENGINEERING, AND LIFE SCIENCES (EXCEPT NANOTECHNOLOGY AND BIOTECHNOLOGY)",Department of Defense,Defense Logistics Agency,DELIVERY ORDER,2025-05-01,2028-04-30,2025-05-21,CONT_AWD_SP470125F0100_9700_SP470123D5001_9700,2025-04-29,SP4701
SP470125P0005,2024-10-31,"DSA ACQUISITION COMPANY, LLC",100000.0,PHASE I FEASIBILITY STUDY FOR DSA ACQUISITION FOR AUTOMATED PART IDENTIFICATION FOR DISPOSITION INVENTORY MANAGEMENT UNDER THE STRATEGIC DISTRIBUTION AND DISPOSITION BAA PROGRAM.,181,-126,Ended,,NEGOTIATED PROPOSAL/QUOTE,FULL AND OPEN COMPETITION,1,FIRM FIXED PRICE,NO SET ASIDE USED.,DO NOT SHIP MATERIEL/MROS TO DODAAC,AC33 NATIONAL DEFENSE R&D SERVICES; DEFENSE-RELATED ACTIVITIES; EXPERIMENTAL DEVELOPMENT,"541715 RESEARCH AND DEVELOPMENT IN THE PHYSICAL, ENGINEERING, AND LIFE SCIENCES (EXCEPT NANOTECHNOLOGY AND BIOTECHNOLOGY)",Department of Defense,Defense Logistics Agency,PURCHASE ORDER,2024-10-31,2025-04-30,2024-11-04,CONT_AWD_SP470125P0005_9700_-NONE-_-NONE-,2024-10-31,SP4701
SP470125P0011,2025-02-27,GHOSTDOG INC.,81743.0,"PHASE I FEASIBILITY STUDY FOR GHOSTDOG, INC. FOR A TRAINING MANAGEMENT TOOL UNDER THE STRATEGIC DISTRIBUTION AND DISPOSITION BAA PROGRAM.",181,-7,Ended,,NEGOTIATED PROPOSAL/QUOTE,FULL AND OPEN COMPETITION,1,FIRM FIXED PRICE,NO SET ASIDE USED.,DO NOT SHIP MATERIEL/MROS TO DODAAC,AC33 NATIONAL DEFENSE R&D SERVICES; DEFENSE-RELATED ACTIVITIES; EXPERIMENTAL DEVELOPMENT,"541715 RESEARCH AND DEVELOPMENT IN THE PHYSICAL, ENGINEERING, AND LIFE SCIENCES (EXCEPT NANOTECHNOLOGY AND BIOTECHNOLOGY)",Department of Defense,Defense Logistics Agency,PURCHASE ORDER,2025-02-27,2025-08-27,2025-03-06,CONT_AWD_SP470125P0011_9700_-NONE-_-NONE-,2025-02-27,SP4701
SP470125P0012,2025-03-13,THRUWAVE INC,99073.73,PHASE I FEASIBILITY STUDY FOR THRUWAVE. FOR AUTOMATED ANOMALY DETECTION USING MMWAVE IMAGING IN THE DEFENSE SUPPLY CHAIN UNDER THE STRATEGIC DISTRIBUTION AND DISPOSITION BAA PROGRAM.,152,-22,Ended,,NEGOTIATED PROPOSAL/QUOTE,FULL AND OPEN COMPETITION,1,FIRM FIXED PRICE,NO SET ASIDE USED.,DO NOT SHIP MATERIEL/MROS TO DODAAC,AC33 NATIONAL DEFENSE R&D SERVICES; DEFENSE-RELATED ACTIVITIES; EXPERIMENTAL DEVELOPMENT,"541715 RESEARCH AND DEVELOPMENT IN THE PHYSICAL, ENGINEERING, AND LIFE SCIENCES (EXCEPT NANOTECHNOLOGY AND BIOTECHNOLOGY)",Department of Defense,Defense Logistics Agency,PURCHASE ORDER,2025-03-13,2025-08-12,2025-05-27,CONT_AWD_SP470125P0012_9700_-NONE-_-NONE-,2025-03-13,SP4701
W50RAJ25F0003,2024-11-20,EXPONENT INC,891783.81,TRAVEL (NTE AMOUNT),314,27,15-29,,NEGOTIATED PROPOSAL/QUOTE,FULL AND OPEN COMPETITION,,FIRM FIXED PRICE,,W6J1 RCCTO REDSTONE,AC33 NATIONAL DEFENSE R&D SERVICES; DEFENSE-RELATED ACTIVITIES; EXPERIMENTAL DEVELOPMENT,"541715 RESEARCH AND DEVELOPMENT IN THE PHYSICAL, ENGINEERING, AND LIFE SCIENCES (EXCEPT NANOTECHNOLOGY AND BIOTECHNOLOGY)",Department of Defense,Department of the Army,DELIVERY ORDER,2024-11-20,2025-09-30,2024-11-20,CONT_AWD_W50RAJ25F0003_9700_W50RAJ21D0002_9700,2024-11-20,W50RAJ
W50RAJ25F0004,2024-12-04,"PEOPLETEC, INC.",11859624.93,SYSTEMS ENGINEERING AND TECHNICAL ASSISTANCE SUPPORT (SETA),1094,821,>60,W50RAJ24R0005,SUBJECT TO MULTIPLE AWARD FAIR OPPORTUNITY,FULL AND OPEN COMPETITION AFTER EXCLUSION OF SOURCES,6,COST PLUS FIXED FEE,,W6J1 RCCTO REDSTONE,AC33 NATIONAL DEFENSE R&D SERVICES; DEFENSE-RELATED ACTIVITIES; EXPERIMENTAL DEVELOPMENT,"541715 RESEARCH AND DEVELOPMENT IN THE PHYSICAL, ENGINEERING, AND LIFE SCIENCES (EXCEPT NANOTECHNOLOGY AND BIOTECHNOLOGY)",Department of Defense,Department of the Army,DELIVERY ORDER,2024-12-04,2027-12-03,2025-04-18,CONT_AWD_W50RAJ25F0004_9700_47QRAD20D4014_4732,2024-12-04,W50RAJ
W50RAJ25F0006,2025-02-06,EXPONENT INC,4346624.85,TASK TYPE 2 - ON INDIVIDUAL FFP TI,365,157,>60,,NEGOTIATED PROPOSAL/QUOTE,FULL AND OPEN COMPETITION,,FIRM FIXED PRICE,,W6J1 RCCTO REDSTONE,AC33 NATIONAL DEFENSE R&D SERVICES; DEFENSE-RELATED ACTIVITIES; EXPERIMENTAL DEVELOPMENT,"541715 RESEARCH AND DEVELOPMENT IN THE PHYSICAL, ENGINEERING, AND LIFE SCIENCES (EXCEPT NANOTECHNOLOGY AND BIOTECHNOLOGY)",Department of Defense,Department of the Army,DELIVERY ORDER,2025-02-07,2026-02-07,2025-02-06,CONT_AWD_W50RAJ25F0006_9700_W50RAJ21D0002_9700,2025-02-06,W50RAJ
W911SR25F0013,2025-05-28,"AEVEX AEROSPACE, LLC",749024.0,PAPER SHANK,358,259,>60,W911SR24R0011,ONLY ONE SOURCE,NOT COMPETED,,FIRM FIXED PRICE,,F2VUN1 USSOCOM SOF AT L SW,AC33 NATIONAL DEFENSE R&D SERVICES; DEFENSE-RELATED ACTIVITIES; EXPERIMENTAL DEVELOPMENT,334419 OTHER ELECTRONIC COMPONENT MANUFACTURING,Department of Defense,Department of the Air Force,DELIVERY ORDER,2025-05-27,2026-05-20,2025-05-28,CONT_AWD_W911SR25F0013_9700_W911SR24D0009_9700,2025-05-28,W911SR
W912CH25C0006,2024-12-19,CORNERSTONE RESEARCH GROUP INC,1362980.53,"PH II SEQUENTIAL STTR WITH CORNERSTONE RESEARCH GROUP, INC.",819,561,>60,W912CH25R0017,NEGOTIATED PROPOSAL/QUOTE,FULL AND OPEN COMPETITION AFTER EXCLUSION OF SOURCES,1,FIRM FIXED PRICE,SMALL BUSINESS SET ASIDE - TOTAL,W4GG HQ US ARMY TACOM,AC33 NATIONAL DEFENSE R&D SERVICES; DEFENSE-RELATED ACTIVITIES; EXPERIMENTAL DEVELOPMENT,"541715 RESEARCH AND DEVELOPMENT IN THE PHYSICAL, ENGINEERING, AND LIFE SCIENCES (EXCEPT NANOTECHNOLOGY AND BIOTECHNOLOGY)",Department of Defense,Department of the Army,DEFINITIVE CONTRACT,2024-12-19,2027-03-18,2025-03-14,CONT_AWD_W912CH25C0006_9700_-NONE-_-NONE-,2024-12-19,W912CH
W912CH25F0126,2024-12-19,DCS CORPORATION,527685.42,TECHNICAL AND ENGINEERING SERVICES (TES) SUPPORT COMBAT CAPABILITIES DEVELOPMENT COMMAND CHEMICAL BIOLOGICAL CENTER (DEVCOM CBC) AND THEIR PEO AND PM CUSTOMERS,377,119,>60,,NEGOTIATED PROPOSAL/QUOTE,FULL AND OPEN COMPETITION,,COST PLUS FIXED FEE,,W4GH CCDC GROUND VEHICLE SYS,AC33 NATIONAL DEFENSE R&D SERVICES; DEFENSE-RELATED ACTIVITIES; EXPERIMENTAL DEVELOPMENT,541330 ENGINEERING SERVICES,Department of Defense,Department of the Army,DELIVERY ORDER,2024-12-19,2025-12-31,2025-05-15,CONT_AWD_W912CH25F0126_9700_W56HZV23D0017_9700,2024-12-19,W912CH
