Account,Account Title,Organization,Budget Activity,Budget Activity Title,AG/BSA,AG/Budget SubActivity (BSA) Title,Line Number,SAG/BLI,SAG/Budget Line Item (BLI) Title,FY 2024 Actuals,FY 2025 Enacted,FY 2025 Supplemental,FY 2025 Total,FY 2026 Disc Request,FY 2026 Reconciliation Request,FY 2026 Total
2020A,"Operation and Maintenance, Army",A,01,Operating Forces,11,Land Forces,010,111,Maneuver Units,"5,496,093","4,300,944",,"4,300,944","4,671,407",,"4,671,407"
2020A,"Operation and Maintenance, Army",A,01,Operating Forces,11,Land Forces,020,112,Modular Support Brigades,"208,689","190,233",,"190,233","221,578",,"221,578"
2020A,"Operation and Maintenance, Army",A,01,Operating Forces,11,Land Forces,030,113,Echelons Above Brigade,"1,063,294","786,520",,"786,520","927,219",,"927,219"
2020A,"Operation and Maintenance, Army",A,01,Operating Forces,11,Land Forces,040,114,Theater Level Assets,"2,599,705","2,308,252",,"2,308,252","2,220,746",,"2,220,746"
2020A,"Operation and Maintenance, Army",A,01,Operating Forces,11,Land Forces,050,115,Land Forces Operations Support,"1,201,171","1,156,537",,"1,156,537","1,333,769",,"1,333,769"
2020A,"Operation and Maintenance, Army",A,01,Operating Forces,11,Land Forces,060,116,Aviation Assets,"2,061,810","1,947,161","79,333","2,026,494","1,829,054","23,000","1,852,054"
2020A,"Operation and Maintenance, Army",A,01,Operating Forces,12,Land Forces Readiness,070,121,Force Readiness Operations Support,"8,678,801","6,975,983",,"6,975,983","7,497,735","66,300","7,564,035"
2020A,"Operation and Maintenance, Army",A,01,Operating Forces,12,Land Forces Readiness,080,122,Land Forces Systems Readiness,"485,854","528,542",,"528,542","583,196",,"583,196"
2020A,"Operation and Maintenance, Army",A,01,Operating Forces,12,Land Forces Readiness,090,123,Land Forces Depot Maintenance,"1,596,759","1,204,189","20,000","1,224,189","152,404","1,488,300","1,640,704"
2020A,"Operation and Maintenance, Army",A,01,Operating Forces,12,Land Forces Readiness,100,124,Medical Readiness,"909,215","857,970",,"857,970","844,140",,"844,140"
2020A,"Operation and Maintenance, Army",A,01,Operating Forces,13,Land Forces Readiness Support,110,131,Base Operations Support,"9,952,103","9,912,446","1,937","9,914,383","10,694,915","30,000","10,724,915"
2020A,"Operation and Maintenance, Army",A,01,Operating Forces,13,Land Forces Readiness Support,120,132,"Facilities Sustainment, Restoration & Modernization","5,375,781","4,081,281","350,621","4,431,902","6,159,744","427,213","6,586,957"
2020A,"Operation and Maintenance, Army",A,01,Operating Forces,13,Land Forces Readiness Support,130,133,Management and Operational Headquarters,"300,403","308,494",,"308,494","263,147",,"263,147"
2020A,"Operation and Maintenance, Army",A,01,Operating Forces,13,Land Forces Readiness Support,140,135,Additional Activities,"421,190","302,625",,"302,625","392,457",,"392,457"
2020A,"Operation and Maintenance, Army",A,01,Operating Forces,13,Land Forces Readiness Support,150,137,RESET,"446,706","317,526",,"317,526","111,688",,"111,688"
2020A,"Operation and Maintenance, Army",A,01,Operating Forces,60,Combatant Command Support,160,141,US Africa Command,"448,853","423,898",,"423,898","413,046",,"413,046"
2020A,"Operation and Maintenance, Army",A,01,Operating Forces,60,Combatant Command Support,170,142,US European Command,"352,375","320,431",,"320,431","385,744",,"385,744"
2020A,"Operation and Maintenance, Army",A,01,Operating Forces,60,Combatant Command Support,180,143,US Southern Command,"303,356","257,429",,"257,429","224,971",,"224,971"
2020A,"Operation and Maintenance, Army",A,01,Operating Forces,60,Combatant Command Support,190,144,US Forces Korea,"87,522","70,738",,"70,738","77,049",,"77,049"
2020A,"Operation and Maintenance, Army",A,01,Operating Forces,CA,Cyberspace Activities,200,151,Cyberspace Activities - Cyberspace Operations,"499,697","416,160",,"416,160","331,467","3,097","334,564"
2020A,"Operation and Maintenance, Army",A,01,Operating Forces,CA,Cyberspace Activities,210,153,Cyberspace Activities - Cybersecurity,"706,296","589,584",,"589,584","550,089","10,000","560,089"
2020A,"Operation and Maintenance, Army",A,02,Mobilization,21,Mobility Operations,220,211,Strategic Mobility,"586,440","530,130",,"530,130","134,892",,"134,892"
2020A,"Operation and Maintenance, Army",A,02,Mobilization,21,Mobility Operations,230,212,Army Prepositioned Stocks,"457,299","416,852",,"416,852","330,812",,"330,812"
2020A,"Operation and Maintenance, Army",A,02,Mobilization,21,Mobility Operations,240,213,Industrial Preparedness,"4,244","4,298",,"4,298","3,162",,"3,162"
2020A,"Operation and Maintenance, Army",A,03,Training and Recruiting,31,Accession Training,250,311,Officer Acquisition,"175,043","200,216",,"200,216","172,424",,"172,424"
2020A,"Operation and Maintenance, Army",A,03,Training and Recruiting,31,Accession Training,260,312,Recruit Training,"73,959","97,158",,"97,158","78,929",,"78,929"
2020A,"Operation and Maintenance, Army",A,03,Training and Recruiting,31,Accession Training,270,313,One Station Unit Training,"109,141","92,471",,"92,471","88,033",,"88,033"
2020A,"Operation and Maintenance, Army",A,03,Training and Recruiting,31,Accession Training,280,314,Senior Reserve Officers Training Corps,"549,204","555,221",,"555,221","508,982",,"508,982"
2020A,"Operation and Maintenance, Army",A,03,Training and Recruiting,32,Basic Skill and Advanced Training,290,321,Specialized Skill Training,"1,090,786","1,027,447",,"1,027,447","988,901",,"988,901"
2020A,"Operation and Maintenance, Army",A,03,Training and Recruiting,32,Basic Skill and Advanced Training,300,322,Flight Training,"1,331,213","1,410,905",,"1,410,905","1,398,974",,"1,398,974"
2020A,"Operation and Maintenance, Army",A,03,Training and Recruiting,32,Basic Skill and Advanced Training,310,323,Professional Development Education,"194,185","212,609",,"212,609","202,738",,"202,738"
2020A,"Operation and Maintenance, Army",A,03,Training and Recruiting,32,Basic Skill and Advanced Training,320,324,Training Support,"674,890","731,289",,"731,289","596,528",,"596,528"
2020A,"Operation and Maintenance, Army",A,03,Training and Recruiting,33,"Recruiting, Other Training & Education",330,331,Recruiting and Advertising,"745,244","819,126",,"819,126","747,712",,"747,712"
2020A,"Operation and Maintenance, Army",A,03,Training and Recruiting,33,"Recruiting, Other Training & Education",340,332,Examining,"194,233","203,737",3,"203,740","177,666",,"177,666"
2020A,"Operation and Maintenance, Army",A,03,Training and Recruiting,33,"Recruiting, Other Training & Education",350,333,Off-Duty and Voluntary Education,"257,177","242,025",,"242,025","181,211","30,000","211,211"
2020A,"Operation and Maintenance, Army",A,03,Training and Recruiting,33,"Recruiting, Other Training & Education",360,334,Civilian Education and Training,"246,833","245,401",,"245,401","227,476",,"227,476"
2020A,"Operation and Maintenance, Army",A,03,Training and Recruiting,33,"Recruiting, Other Training & Education",370,335,Junior Reserve Officer Training Corps,"205,026","206,163",,"206,163","190,668",,"190,668"
2020A,"Operation and Maintenance, Army",A,04,Administration and Service-wide Activities,42,Logistics Operations,390,421,Servicewide Transportation,"823,297","783,676",,"783,676","1,306,690",,"1,306,690"
2020A,"Operation and Maintenance, Army",A,04,Administration and Service-wide Activities,42,Logistics Operations,400,422,Central Supply Activities,"879,351","897,415",,"897,415","740,581",,"740,581"
2020A,"Operation and Maintenance, Army",A,04,Administration and Service-wide Activities,42,Logistics Operations,410,423,Logistic Support Activities,"845,864","731,859",,"731,859","588,151",,"588,151"
2020A,"Operation and Maintenance, Army",A,04,Administration and Service-wide Activities,42,Logistics Operations,420,424,Ammunition Management,"462,728","410,330",,"410,330","344,948",,"344,948"
2020A,"Operation and Maintenance, Army",A,04,Administration and Service-wide Activities,43,Servicewide Support,430,431,Administration,"531,165","503,263",,"503,263","408,825",,"408,825"
2020A,"Operation and Maintenance, Army",A,04,Administration and Service-wide Activities,43,Servicewide Support,440,432,Servicewide Communications,"2,073,619","1,719,878",,"1,719,878","2,171,607",,"2,171,607"
2020A,"Operation and Maintenance, Army",A,04,Administration and Service-wide Activities,43,Servicewide Support,450,433,Manpower Management,"369,876","370,028",,"370,028","313,323",,"313,323"
2020A,"Operation and Maintenance, Army",A,04,Administration and Service-wide Activities,43,Servicewide Support,460,434,Other Personnel Support,"855,406","925,725",,"925,725","853,139",,"853,139"
2020A,"Operation and Maintenance, Army",A,04,Administration and Service-wide Activities,43,Servicewide Support,470,435,Other Service Support,"2,320,470","2,375,420",,"2,375,420","2,078,411",,"2,078,411"
2020A,"Operation and Maintenance, Army",A,04,Administration and Service-wide Activities,43,Servicewide Support,480,436,Army Claims Activities,"188,344","202,441",,"202,441","223,611",,"223,611"
2020A,"Operation and Maintenance, Army",A,04,Administration and Service-wide Activities,43,Servicewide Support,490,437,Real Estate Management,"293,320","294,852",,"294,852","294,705",,"294,705"
2020A,"Operation and Maintenance, Army",A,04,Administration and Service-wide Activities,43,Servicewide Support,500,438,Financial Management and Audit Readiness,"488,109","590,946",,"590,946","618,471",,"618,471"
2020A,"Operation and Maintenance, Army",A,04,Administration and Service-wide Activities,43,Servicewide Support,510,43Q,Def Acquisition Workforce Development Account,"39,200","40,261",,"40,261","36,510",,"36,510"
2020A,"Operation and Maintenance, Army",A,04,Administration and Service-wide Activities,44,Support of Other Nations,520,441,International Military Headquarters,"600,520","594,715",,"594,715","664,510",,"664,510"
2020A,"Operation and Maintenance, Army",A,04,Administration and Service-wide Activities,44,Support of Other Nations,530,442,Misc. Support of Other Nations,"37,068","33,945",,"33,945","31,387",,"31,387"
2020A,"Operation and Maintenance, Army",A,04,Administration and Service-wide Activities,45,Closed Account Adjustments,540,451,Closed Account Adjustments,"14,787",,,,,,
2020A,"Operation and Maintenance, Army",A,04,Administration and Service-wide Activities,45,Closed Account Adjustments,550,471,Foreign Currency Fluctuation,"74,906",,,,,,
2020A,"Operation and Maintenance, Army",A,04,Administration and Service-wide Activities,45,Closed Account Adjustments,560,493,Defense Environmental Restoration Account (DERA),"499,601",,,,,,
2020A,"Operation and Maintenance, Army",A,04,Administration and Service-wide Activities,46,Judgment Fund,570,461,Judgment Fund,688,,,,,,
2020A,"Operation and Maintenance, Army",A,04,Administration and Service-wide Activities,48,Collections,580,482,Energy Savings,"65,594",,,,,,
2020A,"Operation and Maintenance, Army",A,04,Administration and Service-wide Activities,48,Collections,590,483,Agricultural and Grazing Program,"3,581",,,,,,
2020A,"Operation and Maintenance, Army",,04,,,,999,9999,Classified Programs,"2,394,923","2,378,719",,"2,378,719","2,385,523","33,500","2,419,023"
2080A,"Operation and Maintenance, Army Reserve",A,01,Operating forces,11,Land Forces,010,112,Modular Support Brigades,"11,688","12,098",,"12,098","14,651",,"14,651"
2080A,"Operation and Maintenance, Army Reserve",A,01,Operating forces,11,Land Forces,020,113,Echelons Above Brigade,"728,914","643,056",,"643,056","703,286",,"703,286"
2080A,"Operation and Maintenance, Army Reserve",A,01,Operating forces,11,Land Forces,030,114,Theater Level Assets,"148,261","133,896",,"133,896","146,794",,"146,794"
2080A,"Operation and Maintenance, Army Reserve",A,01,Operating forces,11,Land Forces,040,115,Land Forces Operations Support,"668,739","666,146",,"666,146","685,541",,"685,541"
2080A,"Operation and Maintenance, Army Reserve",A,01,Operating forces,11,Land Forces,050,116,Aviation Assets,"139,152","129,256","9,000","138,256","55,155",,"55,155"
2080A,"Operation and Maintenance, Army Reserve",A,01,Operating forces,12,Land Forces Readiness,060,121,Force Readiness Operations Support,"393,388","384,190",,"384,190","438,508",,"438,508"
2080A,"Operation and Maintenance, Army Reserve",A,01,Operating forces,12,Land Forces Readiness,070,122,Land Forces Systems Readiness,"78,599","42,853",,"42,853","23,783",,"23,783"
2080A,"Operation and Maintenance, Army Reserve",A,01,Operating forces,12,Land Forces Readiness,080,123,Land Forces Depot Maintenance,"41,783","49,840",,"49,840","40,426",,"40,426"
2080A,"Operation and Maintenance, Army Reserve",A,01,Operating forces,13,Land Forces Readiness Support,090,131,Base Operations Support,"621,700","551,588",,"551,588","557,465",,"557,465"
2080A,"Operation and Maintenance, Army Reserve",A,01,Operating forces,13,Land Forces Readiness Support,100,132,"Facilities Sustainment, Restoration & Modernization","519,631","454,503","10,594","465,097","504,922","76,053","580,975"
2080A,"Operation and Maintenance, Army Reserve",A,01,Operating forces,13,Land Forces Readiness Support,110,133,Management and Operational Headquarters,"23,412","24,512",,"24,512","20,531",,"20,531"
2080A,"Operation and Maintenance, Army Reserve",A,01,Operating forces,CA,Cyberspace Activities,120,151,Cyberspace Activities - Cyberspace Operations,"3,153","2,241",,"2,241","2,174",,"2,174"
2080A,"Operation and Maintenance, Army Reserve",A,01,Operating forces,CA,Cyberspace Activities,130,153,Cyberspace Activities - Cybersecurity,"19,591","18,598",,"18,598","19,041",,"19,041"
2080A,"Operation and Maintenance, Army Reserve",A,04,Administration and service-wide activities,42,Logistics Operations,140,421,Servicewide Transportation,"14,785","17,092",,"17,092","14,629",,"14,629"
2080A,"Operation and Maintenance, Army Reserve",A,04,Administration and service-wide activities,43,Servicewide Support,150,431,Administration,"29,862","18,888",,"18,888","16,798",,"16,798"
2080A,"Operation and Maintenance, Army Reserve",A,04,Administration and service-wide activities,43,Servicewide Support,160,432,Servicewide Communications,"45,414","6,727",,"6,727","6,432",,"6,432"
2080A,"Operation and Maintenance, Army Reserve",A,04,Administration and service-wide activities,43,Servicewide Support,170,433,Manpower Management,"11,759","7,477",,"7,477","7,186",,"7,186"
2080A,"Operation and Maintenance, Army Reserve",A,04,Administration and service-wide activities,43,Servicewide Support,180,434,Other Personnel Support,"64,183","70,556",,"70,556","56,856",,"56,856"
2080A,"Operation and Maintenance, Army Reserve",A,04,Administration and service-wide activities,45,Closed Account Adjustments,190,451,Closed Account Adjustments,278,,,,,,
2080A,"Operation and Maintenance, Army Reserve",A,04,Administration and service-wide activities,46,Judgment Fund,200,461,Judgement Fund,180,,,,,,
2080A,"Operation and Maintenance, Army Reserve",A,04,Administration and service-wide activities,48,Collections,210,482,Energy Savings,"5,065",,,,,,
2065A,"Operation and Maintenance, Army National Guard",A,01,Operating forces,11,Land Forces,010,111,Maneuver Units,"909,123","812,398",,"812,398","911,525",,"911,525"
2065A,"Operation and Maintenance, Army National Guard",A,01,Operating forces,11,Land Forces,020,112,Modular Support Brigades,"194,240","195,141",,"195,141","210,737",,"210,737"
2065A,"Operation and Maintenance, Army National Guard",A,01,Operating forces,11,Land Forces,030,113,Echelons Above Brigade,"773,906","813,851",,"813,851","879,111",,"879,111"
2065A,"Operation and Maintenance, Army National Guard",A,01,Operating forces,11,Land Forces,040,114,Theater Level Assets,"94,537","82,156",,"82,156","88,001",,"88,001"
2065A,"Operation and Maintenance, Army National Guard",A,01,Operating forces,11,Land Forces,050,115,Land Forces Operations Support,"256,631","334,809",,"334,809","350,261",,"350,261"
2065A,"Operation and Maintenance, Army National Guard",A,01,Operating forces,11,Land Forces,060,116,Aviation Assets,"1,167,270","1,128,409",,"1,128,409","1,128,195",,"1,128,195"
2065A,"Operation and Maintenance, Army National Guard",A,01,Operating forces,12,Land Forces Readiness,070,121,Force Readiness Operations Support,"815,994","709,939",,"709,939","810,263",,"810,263"
2065A,"Operation and Maintenance, Army National Guard",A,01,Operating forces,12,Land Forces Readiness,080,122,Land Forces Systems Readiness,"57,888","34,206",,"34,206","34,354",,"34,354"
2065A,"Operation and Maintenance, Army National Guard",A,01,Operating forces,12,Land Forces Readiness,090,123,Land Forces Depot Maintenance,"218,407","214,113",,"214,113","179,622",,"179,622"
2065A,"Operation and Maintenance, Army National Guard",A,01,Operating forces,13,Land Forces Readiness Support,100,131,Base Operations Support,"1,319,977","1,229,797",,"1,229,797","1,246,273",,"1,246,273"
2065A,"Operation and Maintenance, Army National Guard",A,01,Operating forces,13,Land Forces Readiness Support,110,132,"Facilities Sustainment, Restoration & Modernization","1,074,494","1,147,554","26,065","1,173,619","1,275,984","127,854","1,403,838"
2065A,"Operation and Maintenance, Army National Guard",A,01,Operating forces,13,Land Forces Readiness Support,120,133,Management and Operational Headquarters,"1,209,001","1,301,466",,"1,301,466","1,203,158",,"1,203,158"
2065A,"Operation and Maintenance, Army National Guard",A,01,Operating forces,CA,Cyberspace Activities,130,151,Cyberspace Activities - Cyberspace Operations,"9,295","5,119",,"5,119","5,136",,"5,136"
2065A,"Operation and Maintenance, Army National Guard",A,01,Operating forces,CA,Cyberspace Activities,140,153,Cyberspace Activities - Cybersecurity,"13,673","20,202",,"20,202","24,096",,"24,096"
2065A,"Operation and Maintenance, Army National Guard",A,04,Administration and service-wide activities,42,Logistics Operations,150,421,Servicewide Transportation,"4,879","7,598",,"7,598","6,460",,"6,460"
2065A,"Operation and Maintenance, Army National Guard",A,04,Administration and service-wide activities,43,Servicewide Support,160,431,Administration,"71,906","52,447",,"52,447","45,919",,"45,919"
2065A,"Operation and Maintenance, Army National Guard",A,04,Administration and service-wide activities,43,Servicewide Support,170,432,Servicewide Communications,"115,936","17,672",,"17,672","9,373",,"9,373"
2065A,"Operation and Maintenance, Army National Guard",A,04,Administration and service-wide activities,43,Servicewide Support,180,433,Manpower Management,"13,822",,,,,,
2065A,"Operation and Maintenance, Army National Guard",A,04,Administration and service-wide activities,43,Servicewide Support,190,434,Other Personnel Support,"260,356","285,112",,"285,112","261,622",,"261,622"
2065A,"Operation and Maintenance, Army National Guard",A,04,Administration and service-wide activities,43,Servicewide Support,200,437,Real Estate Management,"4,106","3,828",,"3,828","3,891",,"3,891"
2065A,"Operation and Maintenance, Army National Guard",A,04,Administration and service-wide activities,48,Collections,210,482,Energy Savings,"19,788",,,,,,
0810A,"Environmental Restoration, Army",A,01,Department of the Army,49,Defense Environmental Restoration Fund,050,493,"Environmental Restoration, Army",582,"283,069",,"283,069","148,070",,"148,070"
2099A,Counter-Islamic State of Iraq and Syria Train and Equip,A,01,Counter-ISIL Train and Equip Fund (CTEF),27,Defense Forces,010,110,IRAQ,"241,950","380,758",,"380,758","212,516",,"212,516"
2099A,Counter-Islamic State of Iraq and Syria Train and Equip,A,01,Counter-ISIL Train and Equip Fund (CTEF),27,Defense Forces,020,120,SYRIA,"156,000","147,941",,"147,941","130,000",,"130,000"
2099A,Counter-Islamic State of Iraq and Syria Train and Equip,A,01,Counter-ISIL Train and Equip Fund (CTEF),27,Defense Forces,030,150,Lebanon,,,,,"15,000",,"15,000"
1804N,"Operation and Maintenance, Navy",N,01,Operating forces,01,Air Operations,010,1A1A,Mission and Other Flight Operations,"7,886,304","6,877,059",,"6,877,059","7,720,210",,"7,720,210"
1804N,"Operation and Maintenance, Navy",N,01,Operating forces,01,Air Operations,020,1A2A,Fleet Air Training,"2,769,180","2,926,546",,"2,926,546","2,925,791",,"2,925,791"
1804N,"Operation and Maintenance, Navy",N,01,Operating forces,01,Air Operations,030,1A3A,Aviation Technical Data & Engineering Services,"70,428",,,,,,
1804N,"Operation and Maintenance, Navy",N,01,Operating forces,01,Air Operations,040,1A4A,Air Operations and Safety Support,"215,873",,,,,,
1804N,"Operation and Maintenance, Navy",N,01,Operating forces,01,Air Operations,050,1A4N,Air Systems Support,"1,241,473","1,412,449",,"1,412,449","1,447,480","48,000","1,495,480"
1804N,"Operation and Maintenance, Navy",N,01,Operating forces,01,Air Operations,060,1A5A,Aircraft Depot Maintenance,"1,764,354","1,673,163",,"1,673,163","1,661,933","119,000","1,780,933"
1804N,"Operation and Maintenance, Navy",N,01,Operating forces,01,Air Operations,070,1A6A,Aircraft Depot Operations Support,"67,941",,,,,,
1804N,"Operation and Maintenance, Navy",N,01,Operating forces,01,Air Operations,080,1A9A,Aviation Logistics,"1,788,121","1,989,926",,"1,989,926","2,147,907",,"2,147,907"
1804N,"Operation and Maintenance, Navy",N,01,Operating forces,02,Ship Operations,090,1B1B,Mission and Other Ship Operations,"7,460,169","7,258,014",,"7,258,014","5,350,073","1,907,000","7,257,073"
1804N,"Operation and Maintenance, Navy",N,01,Operating forces,02,Ship Operations,100,1B2B,Ship Operations Support & Training,"1,372,331","1,536,668",,"1,536,668","1,719,580",,"1,719,580"
1804N,"Operation and Maintenance, Navy",N,01,Operating forces,02,Ship Operations,110,1B4B,Ship Depot Maintenance,"11,502,495","11,763,594",,"11,763,594","13,803,188",,"13,803,188"
1804N,"Operation and Maintenance, Navy",N,01,Operating forces,02,Ship Operations,120,1B5B,Ship Depot Operations Support,"2,714,238","2,671,812",,"2,671,812","2,760,878",,"2,760,878"
1804N,"Operation and Maintenance, Navy",N,01,Operating forces,1C,Combat Operations/Support,130,1C1C,Combat Communications and Electronic Warfare,"1,829,534","1,786,977",,"1,786,977","1,830,993",,"1,830,993"
1804N,"Operation and Maintenance, Navy",N,01,Operating forces,1C,Combat Operations/Support,140,1C1M,Medical Readiness,,,,,"604,287",,"604,287"
1804N,"Operation and Maintenance, Navy",N,01,Operating forces,1C,Combat Operations/Support,150,1C3C,Space Systems and Surveillance,"507,197","419,504",,"419,504","453,847",,"453,847"
1804N,"Operation and Maintenance, Navy",N,01,Operating forces,1C,Combat Operations/Support,160,1C4C,Warfare Tactics,"1,005,680","1,018,130",,"1,018,130","1,000,516",,"1,000,516"
1804N,"Operation and Maintenance, Navy",N,01,Operating forces,1C,Combat Operations/Support,170,1C5C,Operational Meteorology and Oceanography,"469,513","441,968",,"441,968","454,803",,"454,803"
1804N,"Operation and Maintenance, Navy",N,01,Operating forces,1C,Combat Operations/Support,180,1C6C,Combat Support Forces,"2,501,934","2,359,834",,"2,359,834","2,291,340","57,517","2,348,857"
1804N,"Operation and Maintenance, Navy",N,01,Operating forces,1C,Combat Operations/Support,190,1C7C,Equipment Maintenance and Depot Operations Support,"188,964","49,284",,"49,284","62,495",,"62,495"
1804N,"Operation and Maintenance, Navy",N,01,Operating forces,1C,Combat Operations/Support,200,1CCH,Combatant Commanders Core Operations,"98,251","107,199",,"107,199","105,914",,"105,914"
1804N,"Operation and Maintenance, Navy",N,01,Operating forces,1C,Combat Operations/Support,210,1CCM,Combatant Commanders Direct Mission Support,"545,999","395,278",,"395,278","386,657","312,870","699,527"
1804N,"Operation and Maintenance, Navy",N,01,Operating forces,1C,Combat Operations/Support,220,1CCY,Cyberspace Activities,"548,630","556,240",,"556,240","634,746","14,871","649,617"
1804N,"Operation and Maintenance, Navy",N,01,Operating forces,1D,Weapons Support,230,1D2D,Fleet Ballistic Missile,"1,750,616","1,861,566",,"1,861,566","1,837,670","44,249","1,881,919"
1804N,"Operation and Maintenance, Navy",N,01,Operating forces,1D,Weapons Support,240,1D4D,Weapons Maintenance,"1,761,930","1,572,124",,"1,572,124","1,601,768","152,859","1,754,627"
1804N,"Operation and Maintenance, Navy",N,01,Operating forces,1D,Weapons Support,250,1D7D,Other Weapon Systems Support,"690,606","772,190",,"772,190","839,619",,"839,619"
1804N,"Operation and Maintenance, Navy",N,01,Operating forces,BS,Base Support,260,BSIT,Enterprise Information,"1,756,391","1,803,714",,"1,803,714","2,185,422",,"2,185,422"
1804N,"Operation and Maintenance, Navy",N,01,Operating forces,BS,Base Support,270,BSM1,"Sustainment, Restoration and Modernization","4,711,542","4,468,586","1,454,153","5,922,739","3,991,438","1,686,916","5,678,354"
1804N,"Operation and Maintenance, Navy",N,01,Operating forces,BS,Base Support,280,BSS1,Base Operating Support,"6,304,050","6,211,021",,"6,211,021","6,166,266","25,000","6,191,266"
1804N,"Operation and Maintenance, Navy",N,02,Mobilization,2A,Ready Reserve and Prepositioning Force,290,2A1F,Ship Prepositioning and Surge,"547,620","463,722",,"463,722","388,627",,"388,627"
1804N,"Operation and Maintenance, Navy",N,02,Mobilization,2A,Ready Reserve and Prepositioning Force,300,2A2F,Ready Reserve Force,"667,592","780,558",,"780,558","785,052",,"785,052"
1804N,"Operation and Maintenance, Navy",N,02,Mobilization,2B,Activations/Inactivations,310,2B2G,Ship Activations/Inactivations,"283,272","1,010,215",,"1,010,215","583,296",,"583,296"
1804N,"Operation and Maintenance, Navy",N,02,Mobilization,2C,Mobilization Preparation,320,2C1H,Expeditionary Health Services Systems,"150,722","162,431",,"162,431",,,
1804N,"Operation and Maintenance, Navy",N,02,Mobilization,2C,Mobilization Preparation,330,2C3H,Coast Guard Support,"21,016","21,714",,"21,714","22,192",,"22,192"
1804N,"Operation and Maintenance, Navy",N,03,Training and recruiting,3A,Accession Training,340,3A1J,Officer Acquisition,"201,937","206,282",,"206,282","202,397",,"202,397"
1804N,"Operation and Maintenance, Navy",N,03,Training and recruiting,3A,Accession Training,350,3A2J,Recruit Training,"27,036","18,638",,"18,638","16,945",,"16,945"
1804N,"Operation and Maintenance, Navy",N,03,Training and recruiting,3A,Accession Training,360,3A3J,Reserve Officers Training Corps,"153,943","155,044",,"155,044","164,348",,"164,348"
1804N,"Operation and Maintenance, Navy",N,03,Training and recruiting,3B,Basic Skill and Advanced Training,370,3B1K,Specialized Skill Training,"1,200,502","1,213,888",,"1,213,888","1,026,076",,"1,026,076"
1804N,"Operation and Maintenance, Navy",N,03,Training and recruiting,3B,Basic Skill and Advanced Training,380,3B3K,Professional Development Education,"322,344","348,317",,"348,317","272,964",,"272,964"
1804N,"Operation and Maintenance, Navy",N,03,Training and recruiting,3B,Basic Skill and Advanced Training,390,3B4K,Training Support,"396,082","422,998",,"422,998","463,572",,"463,572"
1804N,"Operation and Maintenance, Navy",N,03,Training and recruiting,3C,Recruiting and Other Training & Education,400,3C1L,Recruiting and Advertising,"292,808","281,107",,"281,107","303,177",,"303,177"
1804N,"Operation and Maintenance, Navy",N,03,Training and recruiting,3C,Recruiting and Other Training & Education,410,3C3L,Off-Duty and Voluntary Education,"78,805","73,023",,"73,023",914,"25,000","25,914"
1804N,"Operation and Maintenance, Navy",N,03,Training and recruiting,3C,Recruiting and Other Training & Education,420,3C4L,Civilian Education and Training,"70,673","71,710",,"71,710","65,819",,"65,819"
1804N,"Operation and Maintenance, Navy",N,03,Training and recruiting,3C,Recruiting and Other Training & Education,430,3C5L,Junior ROTC,"62,191","59,649",,"59,649","25,334",,"25,334"
1804N,"Operation and Maintenance, Navy",N,04,Administration and service-wide activities,4A,Servicewide Support,440,4A1M,Administration,"1,453,363","1,408,462",,"1,408,462","1,357,428",,"1,357,428"
1804N,"Operation and Maintenance, Navy",N,04,Administration and service-wide activities,4A,Servicewide Support,450,4A3M,Civilian Manpower and Personnel Management,"234,193","249,463",,"249,463","239,918",,"239,918"
1804N,"Operation and Maintenance, Navy",N,04,Administration and service-wide activities,4A,Servicewide Support,460,4A4M,Military Manpower and Personnel Management,"725,320","694,351",,"694,351","690,712",,"690,712"
1804N,"Operation and Maintenance, Navy",N,04,Administration and service-wide activities,4A,Servicewide Support,470,4A6S,Spectrum Relocation Pre-Auction,54,,,,,,
1804N,"Operation and Maintenance, Navy",N,04,Administration and service-wide activities,4A,Servicewide Support,480,4A8M,Medical Activities,"322,370","313,552",,"313,552",,,
1804N,"Operation and Maintenance, Navy",N,04,Administration and service-wide activities,4B,Logistics Operations & Technical Support,490,4B1A,Def Acquisition Workforce Development Account,"64,215","67,848",,"67,848","61,046",,"61,046"
1804N,"Operation and Maintenance, Navy",N,04,Administration and service-wide activities,4B,Logistics Operations & Technical Support,500,4B1N,Servicewide Transportation,"435,071","263,379",,"263,379","289,748",,"289,748"
1804N,"Operation and Maintenance, Navy",N,04,Administration and service-wide activities,4B,Logistics Operations & Technical Support,510,4B2E,Environmental Programs,"409,625",,,,,,
1804N,"Operation and Maintenance, Navy",N,04,Administration and service-wide activities,4B,Logistics Operations & Technical Support,520,4B2N,"Planning, Engineering, and Program Support","604,374","598,531",,"598,531","543,911","219,930","763,841"
1804N,"Operation and Maintenance, Navy",N,04,Administration and service-wide activities,4B,Logistics Operations & Technical Support,530,4B3N,"Acquisition, Logistics, and Oversight","825,895","857,326",,"857,326","853,340",,"853,340"
1804N,"Operation and Maintenance, Navy",N,04,Administration and service-wide activities,4C,Investigations and Security Programs,540,4C1P,Investigative and Security Services,"891,289","976,135",,"976,135","1,007,078",266,"1,007,344"
1804N,"Operation and Maintenance, Navy",N,04,Administration and service-wide activities,4S,Spectrum/Telecommunications,590,4S09,HQ Transition Process Management,477,,,,,,
1804N,"Operation and Maintenance, Navy",N,04,Administration and service-wide activities,4S,Spectrum/Telecommunications,600,4S11,USMC METOC-3,"1,255",,,,,,
1804N,"Operation and Maintenance, Navy",N,04,Administration and service-wide activities,4S,Spectrum/Telecommunications,610,4S52,DON TRR-1 (Afloat),"1,398",,,,,,
1804N,"Operation and Maintenance, Navy",N,04,Administration and service-wide activities,4S,Spectrum/Telecommunications,620,4S56,DON Robotics Transition Support,12,,,,,,
1804N,"Operation and Maintenance, Navy",N,04,Administration and service-wide activities,4S,Spectrum/Telecommunications,630,4S59,DON HQ Transition Process Management,"3,456",,,,,,
1804N,"Operation and Maintenance, Navy",N,04,Administration and service-wide activities,4S,Spectrum/Telecommunications,640,4S60,DON UAS Video 5 (Afloat),"4,896",,,,,,
1804N,"Operation and Maintenance, Navy",N,04,Administration and service-wide activities,4S,Spectrum/Telecommunications,650,4S61,Spectrum Efficient National Surveillance Radar,312,,,,,,
1804N,"Operation and Maintenance, Navy",N,04,Administration and service-wide activities,4S,Spectrum/Telecommunications,660,4S63,CBRS (3550 MHz),782,,,,,,
1804N,"Operation and Maintenance, Navy",N,04,Administration and service-wide activities,4S,Spectrum/Telecommunications,670,4S64,AMBIT Pre-Auction,38,,,,,,
1804N,"Operation and Maintenance, Navy",N,04,Administration and service-wide activities,4S,Spectrum/Telecommunications,680,4S71,DON CIO Oversight and Implementation,"1,203",,,,,,
1804N,"Operation and Maintenance, Navy",N,04,Administration and service-wide activities,4S,Spectrum/Telecommunications,690,4S75,USN Training Ranges - Spectrum Sensing,67,,,,,,
1804N,"Operation and Maintenance, Navy",N,04,Administration and service-wide activities,4S,Spectrum/Telecommunications,700,4S81,USN Engineering and Sharing Support,734,,,,,,
1804N,"Operation and Maintenance, Navy",N,04,Administration and service-wide activities,4S,Spectrum/Telecommunications,710,4S82,USN EME Sensing and Monitoring,98,,,,,,
1804N,"Operation and Maintenance, Navy",N,04,Administration and service-wide activities,4S,Spectrum/Telecommunications,720,4S83,USN CBRS Sharing Ecosystem Assessment,134,,,,,,
1804N,"Operation and Maintenance, Navy",N,04,Administration and service-wide activities,4S,Spectrum/Telecommunications,730,4S85,USN EMI Recognition,134,,,,,,
1804N,"Operation and Maintenance, Navy",N,04,Administration and service-wide activities,4S,Spectrum/Telecommunications,740,4S89,DON Oversight and Implementation,956,,,,,,
1804N,"Operation and Maintenance, Navy",N,04,Administration and service-wide activities,4X,Cancelled Accounts,750,4EMM,Cancelled Account Adjustments,"25,616",,,,,,
1804N,"Operation and Maintenance, Navy",N,04,Administration and service-wide activities,4X,Cancelled Accounts,760,4EPJ,Judgement Fund,"3,709",,,,,,
1804N,"Operation and Maintenance, Navy",,04,,,,999,9999,Classified Programs,"668,936","656,005",,"656,005","731,405",,"731,405"
1106N,"Operation and Maintenance, Marine Corps",N,01,Operating forces,1A,Expeditionary Forces,010,1A1A,Operational Forces,"1,834,726","1,690,352","1,750","1,692,102","1,950,784","176,035","2,126,819"
1106N,"Operation and Maintenance, Marine Corps",N,01,Operating forces,1A,Expeditionary Forces,020,1A2A,Field Logistics,"1,834,651","1,924,317",,"1,924,317","1,981,840",,"1,981,840"
1106N,"Operation and Maintenance, Marine Corps",N,01,Operating forces,1A,Expeditionary Forces,030,1A3A,Depot Maintenance,"208,260","231,118",,"231,118",236,"286,000","286,236"
1106N,"Operation and Maintenance, Marine Corps",N,01,Operating forces,1B,USMC Prepositioning,040,1B1B,Maritime Prepositioning,"131,131","152,365",,"152,365","175,091",,"175,091"
1106N,"Operation and Maintenance, Marine Corps",N,01,Operating forces,1C,Combat Operations/Support,050,1CCY,Cyberspace Activities,"209,591","263,918",,"263,918","349,082",,"349,082"
1106N,"Operation and Maintenance, Marine Corps",N,01,Operating forces,BS,Base Support,060,BSM1,"Sustainment, Restoration & Modernization","1,269,214","1,163,423","1,995","1,165,418","2,079,890","1,242,442","3,322,332"
1106N,"Operation and Maintenance, Marine Corps",N,01,Operating forces,BS,Base Support,070,BSS1,Base Operating Support,"3,043,287","2,941,050","5,155","2,946,205","2,834,721","134,000","2,968,721"
1106N,"Operation and Maintenance, Marine Corps",N,03,Training and recruiting,3A,Accession Training,080,3A1C,Recruit Training,"24,689","26,047",,"26,047","26,350",,"26,350"
1106N,"Operation and Maintenance, Marine Corps",N,03,Training and recruiting,3A,Accession Training,090,3A2C,Officer Acquisition,"1,314","1,277",,"1,277","1,282",,"1,282"
1106N,"Operation and Maintenance, Marine Corps",N,03,Training and recruiting,3B,Basic Skill and Advanced Training,100,3B1D,Specialized Skill Training,"120,302","122,045",,"122,045","119,526",,"119,526"
1106N,"Operation and Maintenance, Marine Corps",N,03,Training and recruiting,3B,Basic Skill and Advanced Training,110,3B3D,Professional Development Education,"63,971","61,926",,"61,926","58,696",,"58,696"
1106N,"Operation and Maintenance, Marine Corps",N,03,Training and recruiting,3B,Basic Skill and Advanced Training,120,3B4D,Training Support,"558,104","537,811",,"537,811","538,812",,"538,812"
1106N,"Operation and Maintenance, Marine Corps",N,03,Training and recruiting,3C,Recruiting and Other Training & Education,130,3C1F,Recruiting and Advertising,"289,058","231,427",,"231,427","237,004",,"237,004"
1106N,"Operation and Maintenance, Marine Corps",N,03,Training and recruiting,3C,Recruiting and Other Training & Education,140,3C2F,Off-Duty and Voluntary Education,"46,617","48,916",,"48,916","27,500","15,000","42,500"
1106N,"Operation and Maintenance, Marine Corps",N,03,Training and recruiting,3C,Recruiting and Other Training & Education,150,3C3F,Junior ROTC,"29,381","29,631",,"29,631","30,808",,"30,808"
1106N,"Operation and Maintenance, Marine Corps",N,04,Administration and Service-wide Activities,4A,Servicewide Support,160,4A1W,Agriculture and Grazing,306,,,,,,
1106N,"Operation and Maintenance, Marine Corps",N,04,Administration and Service-wide Activities,4A,Servicewide Support,170,4A2W,Recycling,"4,568",,,,,,
1106N,"Operation and Maintenance, Marine Corps",N,04,Administration and Service-wide Activities,4A,Servicewide Support,180,4A3G,Servicewide Transportation,"95,382","94,435",,"94,435","87,509",,"87,509"
1106N,"Operation and Maintenance, Marine Corps",N,04,Administration and Service-wide Activities,4A,Servicewide Support,190,4A4G,Administration,"424,865","432,971",,"432,971","431,282",,"431,282"
1106N,"Operation and Maintenance, Marine Corps",N,04,Administration and Service-wide Activities,4S,Spectrum/Telecommunications,210,4A3W,Forestry Program,240,,,,,,
1106N,"Operation and Maintenance, Marine Corps",N,04,Administration and Service-wide Activities,4S,Spectrum/Telecommunications,220,4S36,DON UAS Video 5,"1,129",,,,,,
1106N,"Operation and Maintenance, Marine Corps",N,04,Administration and Service-wide Activities,4S,Spectrum/Telecommunications,230,4S53,DON TRR (Ashore),"1,638",,,,,,
1106N,"Operation and Maintenance, Marine Corps",N,04,Administration and Service-wide Activities,4S,Spectrum/Telecommunications,240,4S54,DoN TRR 3 Transition Support,"1,310",,,,,,
1106N,"Operation and Maintenance, Marine Corps",N,04,Administration and Service-wide Activities,4S,Spectrum/Telecommunications,250,4S67,HQMC Transition Management Support,53,,,,,,
1106N,"Operation and Maintenance, Marine Corps",N,04,Administration and Service-wide Activities,4S,Spectrum/Telecommunications,260,4S68,USMC Commercial Industry Deployment Coordination,147,,,,,,
1106N,"Operation and Maintenance, Marine Corps",N,04,Administration and Service-wide Activities,4S,Spectrum/Telecommunications,270,4S69,USMC G/ATOR System Modifications,"6,272",,,,,,
1106N,"Operation and Maintenance, Marine Corps",N,04,Administration and Service-wide Activities,4S,Spectrum/Telecommunications,280,4S70,USMC Engineering Analysis & Operational Compliance,108,,,,,,
1106N,"Operation and Maintenance, Marine Corps",N,04,Administration and Service-wide Activities,4S,Spectrum/Telecommunications,290,4S86,USMC Engineering and Sharing Support,158,,,,,,
1106N,"Operation and Maintenance, Marine Corps",N,04,Administration and Service-wide Activities,4X,Cancelled Accounts,300,4EMM,Cancelled Account Adjustment,699,,,,,,
1106N,"Operation and Maintenance, Marine Corps",,04,,,,999,9999,Classified Programs,"65,532","64,646",,"64,646","73,788",,"73,788"
1806N,"Operation and Maintenance, Navy Reserve",N,01,Operating Forces,01,Air Operations,010,1A1A,Mission and Other Flight Operations,"717,518","700,801",,"700,801","759,843",,"759,843"
1806N,"Operation and Maintenance, Navy Reserve",N,01,Operating Forces,01,Air Operations,020,1A3A,Intermediate Maintenance,"8,518",,,,,,
1806N,"Operation and Maintenance, Navy Reserve",N,01,Operating Forces,01,Air Operations,030,1A4N,Air Systems Support,,"10,250",,"10,250","9,972",,"9,972"
1806N,"Operation and Maintenance, Navy Reserve",N,01,Operating Forces,01,Air Operations,040,1A5A,Aircraft Depot Maintenance,"171,401","137,492",,"137,492","204,603",,"204,603"
1806N,"Operation and Maintenance, Navy Reserve",N,01,Operating Forces,01,Air Operations,050,1A6A,Aircraft Depot Operations Support,226,,,,,,
1806N,"Operation and Maintenance, Navy Reserve",N,01,Operating Forces,01,Air Operations,060,1A9A,Aviation Logistics,"19,678","33,200",,"33,200","24,469",,"24,469"
1806N,"Operation and Maintenance, Navy Reserve",N,01,Operating Forces,1C,Combat Operations/Support,070,1C1C,Combat Communications,"16,017","18,582",,"18,582","19,698",,"19,698"
1806N,"Operation and Maintenance, Navy Reserve",N,01,Operating Forces,1C,Combat Operations/Support,080,1C6C,Combat Support Forces,"187,248","198,409",,"198,409","186,946",,"186,946"
1806N,"Operation and Maintenance, Navy Reserve",N,01,Operating Forces,1C,Combat Operations/Support,090,1CCY,Cyberspace Activities,362,291,,291,294,,294
1806N,"Operation and Maintenance, Navy Reserve",N,01,Operating Forces,BS,Base Support,100,BSIT,Enterprise Information,"32,919","32,454",,"32,454","33,414",,"33,414"
1806N,"Operation and Maintenance, Navy Reserve",N,01,Operating Forces,BS,Base Support,110,BSMR,"Sustainment, Restoration and Modernization","74,218","50,200",,"50,200","58,213",,"58,213"
1806N,"Operation and Maintenance, Navy Reserve",N,01,Operating Forces,BS,Base Support,120,BSSR,Base Operating Support,"116,508","117,024",,"117,024","118,361",,"118,361"
1806N,"Operation and Maintenance, Navy Reserve",N,04,Administration and Service-wide Activities,4A,Servicewide Support,130,4A1M,Administration,"2,446","2,067",,"2,067","2,539",,"2,539"
1806N,"Operation and Maintenance, Navy Reserve",N,04,Administration and Service-wide Activities,4A,Servicewide Support,140,4A4M,Military Manpower and Personnel Management,"11,153","13,575",,"13,575","22,185",,"22,185"
1806N,"Operation and Maintenance, Navy Reserve",N,04,Administration and Service-wide Activities,4B,Logistics Operations & Technical Support,150,4B3N,Acquisition and Program Management,"2,074","2,173",,"2,173","1,517",,"1,517"
1806N,"Operation and Maintenance, Navy Reserve",N,04,Administration and Service-wide Activities,4X,Cancelled Accounts,160,4EMM,Cancelled Account Adjustments,1,,,,,,
1107N,"Operation and Maintenance, Marine Corps Reserve",N,01,Operating forces,1A,Expeditionary Forces,010,1A1A,Operating Forces,"125,861","131,193",,"131,193","117,987",,"117,987"
1107N,"Operation and Maintenance, Marine Corps Reserve",N,01,Operating forces,1A,Expeditionary Forces,020,1A3A,Depot Maintenance,"20,967","22,073",,"22,073","22,686",,"22,686"
1107N,"Operation and Maintenance, Marine Corps Reserve",N,01,Operating forces,BS,Base Support,030,BSM1,"Sustainment, Restoration and Modernization","46,476","46,948",,"46,948","48,519",,"48,519"
1107N,"Operation and Maintenance, Marine Corps Reserve",N,01,Operating forces,BS,Base Support,040,BSS1,Base Operating Support,"116,258","121,355",,"121,355","123,079",,"123,079"
1107N,"Operation and Maintenance, Marine Corps Reserve",N,04,Administration and service-wide activities,4A,Servicewide Support,050,4A4G,Administration,"11,117","12,689",,"12,689","49,774",,"49,774"
0810N,"Environmental Restoration, Navy",N,02,Department of the Navy,45,Closed Account Adjustments,060,044G,"Environmental Restoration, Navy",,"343,591",,"343,591","357,949",,"357,949"
3400F,"Operation and Maintenance, Air Force",F,01,Operating forces,1F,Air Operations,010,011A,Primary Combat Forces,"1,163,286","842,615","3,381","845,996","1,425,125","11,137","1,436,262"
3400F,"Operation and Maintenance, Air Force",F,01,Operating forces,1F,Air Operations,020,011C,Combat Enhancement Forces,"2,865,151","2,470,432","22,579","2,493,011","2,753,789","32,296","2,786,085"
3400F,"Operation and Maintenance, Air Force",F,01,Operating forces,1F,Air Operations,030,011D,"Air Operations Training (OJT, Maintain Skills)","1,641,416","1,454,709",205,"1,454,914","1,701,493","5,979","1,707,472"
3400F,"Operation and Maintenance, Air Force",F,01,Operating forces,1F,Air Operations,040,011M,Depot Purchase Equipment Maintenance,"4,236,102","4,738,731",,"4,738,731","4,676,962","694,405","5,371,367"
3400F,"Operation and Maintenance, Air Force",F,01,Operating forces,1F,Air Operations,050,011R,"Facilities Sustainment, Restoration & Modernization","4,494,175","4,170,729","830,912","5,001,641","3,093,331","2,500,000","5,593,331"
3400F,"Operation and Maintenance, Air Force",F,01,Operating forces,1F,Air Operations,060,011V,Cyberspace Sustainment,"236,430","253,330",,"253,330","245,874",,"245,874"
3400F,"Operation and Maintenance, Air Force",F,01,Operating forces,1F,Air Operations,070,011W,Contractor Logistics Support and System Support,"9,756,153","10,004,030",,"10,004,030","9,283,958","704,609","9,988,567"
3400F,"Operation and Maintenance, Air Force",F,01,Operating forces,1F,Air Operations,080,011Y,Flying Hour Program,"6,583,017","6,519,621",,"6,519,621","6,772,468","71,762","6,844,230"
3400F,"Operation and Maintenance, Air Force",F,01,Operating forces,1F,Air Operations,090,011Z,Base Support,"11,060,824","11,131,043","44,378","11,175,421","11,328,614","30,000","11,358,614"
3400F,"Operation and Maintenance, Air Force",F,01,Operating forces,1G,Combat Related Operations,100,012A,Global C3I and Early Warning,"1,316,803","1,233,952","2,247","1,236,199","1,239,641","21,811","1,261,452"
3400F,"Operation and Maintenance, Air Force",F,01,Operating forces,1G,Combat Related Operations,110,012C,Other Combat Ops Spt Programs,"1,903,293","1,877,901","5,826","1,883,727","1,896,441","125,000","2,021,441"
3400F,"Operation and Maintenance, Air Force",F,01,Operating forces,1G,Combat Related Operations,120,012D,Cyberspace Activities,"805,661","851,978",,"851,978","858,321","12,484","870,805"
3400F,"Operation and Maintenance, Air Force",F,01,Operating forces,1G,Combat Related Operations,140,012Q,Medical Readiness,"499,829","537,823",,"537,823","554,180",,"554,180"
3400F,"Operation and Maintenance, Air Force",F,01,Operating forces,20,COCOM,150,015C,US NORTHCOM/NORAD,"285,066","207,320",,"207,320","266,248",,"266,248"
3400F,"Operation and Maintenance, Air Force",F,01,Operating forces,20,COCOM,160,015D,US STRATCOM,"529,452","523,909",,"523,909","593,503",,"593,503"
3400F,"Operation and Maintenance, Air Force",F,01,Operating forces,20,COCOM,170,015F,US CENTCOM,"356,889","322,500",,"322,500","350,566",,"350,566"
3400F,"Operation and Maintenance, Air Force",F,01,Operating forces,20,COCOM,180,015G,US SOCOM,"32,347","28,431",,"28,431","28,018",,"28,018"
3400F,"Operation and Maintenance, Air Force",F,01,Operating forces,20,COCOM,190,015H,US TRANSCOM,221,681,,681,703,,703
3400F,"Operation and Maintenance, Air Force",F,01,Operating forces,20,COCOM,200,015U,CENTCOM Cyberspace Sustainment,"1,457","1,466",,"1,466",928,,928
3400F,"Operation and Maintenance, Air Force",F,01,Operating forces,20,COCOM,210,015X,USSPACECOM,"361,087","417,903",,"417,903","369,658",,"369,658"
3400F,"Operation and Maintenance, Air Force",,01,,,,999,9999,Classified Programs,"1,794,569","1,854,779",,"1,854,779","1,805,672","3,000","1,808,672"
3400F,"Operation and Maintenance, Air Force",F,02,Mobilization,21,Mobility Operations,220,021A,Airlift Operations,"3,577,172","3,848,792","3,250","3,852,042","3,391,672","38,863","3,430,535"
3400F,"Operation and Maintenance, Air Force",F,02,Mobilization,21,Mobility Operations,230,021D,Mobilization Preparedness,"240,143","247,868",,"247,868","279,205",,"279,205"
3400F,"Operation and Maintenance, Air Force",F,03,Training and recruiting,31,Accession Training,240,031A,Officer Acquisition,"219,511","219,090",,"219,090","250,380",,"250,380"
3400F,"Operation and Maintenance, Air Force",F,03,Training and recruiting,31,Accession Training,250,031B,Recruit Training,"31,085","28,119",,"28,119","29,335",,"29,335"
3400F,"Operation and Maintenance, Air Force",F,03,Training and recruiting,31,Accession Training,260,031D,Reserve Officers Training Corps (ROTC),"130,312","134,336",,"134,336","131,342",,"131,342"
3400F,"Operation and Maintenance, Air Force",F,03,Training and recruiting,32,Basic Skill and Advanced Training,270,032A,Specialized Skill Training,"600,126","614,517",,"614,517","522,068",,"522,068"
3400F,"Operation and Maintenance, Air Force",F,03,Training and recruiting,32,Basic Skill and Advanced Training,280,032B,Flight Training,"778,789","843,561",,"843,561","1,065,465",,"1,065,465"
3400F,"Operation and Maintenance, Air Force",F,03,Training and recruiting,32,Basic Skill and Advanced Training,290,032C,Professional Development Education,"291,089","300,857",,"300,857","284,442",,"284,442"
3400F,"Operation and Maintenance, Air Force",F,03,Training and recruiting,32,Basic Skill and Advanced Training,300,032D,Training Support,"215,652","189,593",,"189,593","181,966",,"181,966"
3400F,"Operation and Maintenance, Air Force",F,03,Training and recruiting,33,"Recruiting, Other Training & Education",310,033A,Recruiting and Advertising,"235,367","215,264",,"215,264","256,687",,"256,687"
3400F,"Operation and Maintenance, Air Force",F,03,Training and recruiting,33,"Recruiting, Other Training & Education",320,033B,Examining,"7,716","7,845",,"7,845","6,990",,"6,990"
3400F,"Operation and Maintenance, Air Force",F,03,Training and recruiting,33,"Recruiting, Other Training & Education",330,033C,Off-Duty and Voluntary Education,"227,625","255,167",,"255,167","224,340","30,000","254,340"
3400F,"Operation and Maintenance, Air Force",F,03,Training and recruiting,33,"Recruiting, Other Training & Education",340,033D,Civilian Education and Training,"366,269","360,604",,"360,604","360,260",,"360,260"
3400F,"Operation and Maintenance, Air Force",F,03,Training and recruiting,33,"Recruiting, Other Training & Education",350,033E,Junior ROTC,"75,866","74,659",,"74,659",,,
3400F,"Operation and Maintenance, Air Force",F,04,Administration and service-wide activities,42,Logistics Operations,360,041A,Logistics Operations,"1,002,536","1,098,024",,"1,098,024","1,155,659","1,932","1,157,591"
3400F,"Operation and Maintenance, Air Force",F,04,Administration and service-wide activities,42,Logistics Operations,370,041B,Technical Support Activities,"172,880","163,313",,"163,313","158,965",,"158,965"
3400F,"Operation and Maintenance, Air Force",F,04,Administration and service-wide activities,50,Servicewide Activities,380,042A,Administration,"1,264,200","1,241,705",,"1,241,705","1,221,364",,"1,221,364"
3400F,"Operation and Maintenance, Air Force",F,04,Administration and service-wide activities,50,Servicewide Activities,390,042B,Servicewide Communications,"69,911","34,538",,"34,538","45,228",153,"45,381"
3400F,"Operation and Maintenance, Air Force",F,04,Administration and service-wide activities,50,Servicewide Activities,400,042D,Defense Environmental Restoration Account,"379,029",,,,,,
3400F,"Operation and Maintenance, Air Force",F,04,Administration and service-wide activities,50,Servicewide Activities,410,042G,Other Servicewide Activities,"1,787,509","1,827,493",,"1,827,493","1,712,600",,"1,712,600"
3400F,"Operation and Maintenance, Air Force",F,04,Administration and service-wide activities,50,Servicewide Activities,420,042I,Civil Air Patrol,"54,599","56,500",,"56,500","32,394",,"32,394"
3400F,"Operation and Maintenance, Air Force",F,04,Administration and service-wide activities,50,Servicewide Activities,430,042W,Def Acquisition Workforce Development account,"45,851","50,732",,"50,732","48,741",,"48,741"
3400F,"Operation and Maintenance, Air Force",F,04,Administration and service-wide activities,52,Support to Other Nations,450,044A,International Support,"90,060","84,738",,"84,738","89,341",,"89,341"
3400F,"Operation and Maintenance, Air Force",,04,,,,999,9999,Classified Programs,"1,508,244","1,509,026",,"1,509,026","1,735,598","10,400","1,745,998"
3410F,"Operation and Maintenance, Space Force",F,01,OPERATING FORCES,1F,Air Operations,010,012A,Global C3I & Early Warning,"623,245","643,482",640,"644,122","846,856",795,"847,651"
3410F,"Operation and Maintenance, Space Force",F,01,OPERATING FORCES,1F,Air Operations,020,013A,Space Launch Operations,"369,468","369,001",,"369,001","397,822",,"397,822"
3410F,"Operation and Maintenance, Space Force",F,01,OPERATING FORCES,1F,Air Operations,030,013C,Space Operations,"847,501","890,977",365,"891,342","983,784",,"983,784"
3410F,"Operation and Maintenance, Space Force",F,01,OPERATING FORCES,1F,Air Operations,040,013E,Education & Training,"190,357","221,103",,"221,103","302,939",,"302,939"
3410F,"Operation and Maintenance, Space Force",F,01,OPERATING FORCES,1F,Air Operations,060,013M,Depot Maintenance,"68,059","65,571",,"65,571","67,126",,"67,126"
3410F,"Operation and Maintenance, Space Force",F,01,OPERATING FORCES,1F,Air Operations,070,013R,"Facilities Sustainment, Restoration & Modernization","716,169","439,158","5,373","444,531","557,175",,"557,175"
3410F,"Operation and Maintenance, Space Force",F,01,OPERATING FORCES,1F,Air Operations,080,013W,Contractor Logistics and System Support,"1,355,119","1,329,611",,"1,329,611","1,495,242",,"1,495,242"
3410F,"Operation and Maintenance, Space Force",F,01,OPERATING FORCES,1F,Air Operations,090,013Z,Space Operations -BOS,"227,396","236,983",81,"237,064","233,546","15,000","248,546"
3410F,"Operation and Maintenance, Space Force",F,01,OPERATING FORCES,1H,Space Operations,100,013D,Cyberspace Activities,,"122,142",,"122,142","141,512",,"141,512"
3410F,"Operation and Maintenance, Space Force",,01,,,,999,9999,Classified Programs,"385,155","529,307","83,771","613,078","641,519","6,390","647,909"
3410F,"Operation and Maintenance, Space Force",F,04,Administration and Service-Wide Activities,1F,Air Operations,110,041A,Logistics Operations,"29,887","31,313",,"31,313","35,889",,"35,889"
3410F,"Operation and Maintenance, Space Force",F,04,Administration and Service-Wide Activities,50,Servicewide Activities,120,042A,Administration,"130,224","165,556",,"165,556","184,753",,"184,753"
3410F,"Operation and Maintenance, Space Force",F,04,Administration and Service-Wide Activities,50,Servicewide Activities,130,042G,Other Servicewide Activities,"2,427",,,,,,
3740F,"Operation and Maintenance, Air Force Reserve",F,01,Operating forces,1F,Air Operations,010,011A,Primary Combat Forces,"1,954,479","1,824,396",,"1,824,396","2,010,793",,"2,010,793"
3740F,"Operation and Maintenance, Air Force Reserve",F,01,Operating forces,1F,Air Operations,020,011G,Mission Support Operations,"205,668","177,080",,"177,080","214,701",,"214,701"
3740F,"Operation and Maintenance, Air Force Reserve",F,01,Operating forces,1F,Air Operations,030,011M,Depot Purchase Equipment Maintenance,"644,253","597,172",,"597,172","702,575","25,642","728,217"
3740F,"Operation and Maintenance, Air Force Reserve",F,01,Operating forces,1F,Air Operations,040,011R,"Facilities Sustainment, Restoration & Modernization","148,218","123,394","1,319","124,713","188,802",,"188,802"
3740F,"Operation and Maintenance, Air Force Reserve",F,01,Operating forces,1F,Air Operations,050,011W,Contractor Logistics Support and System Support,"346,367","601,302",,"601,302","493,324","34,951","528,275"
3740F,"Operation and Maintenance, Air Force Reserve",F,01,Operating forces,1F,Air Operations,060,011Z,Base Support,"499,499","585,943",,"585,943","585,430",,"585,430"
3740F,"Operation and Maintenance, Air Force Reserve",F,01,Operating forces,1G,Combat Related Operations,070,012D,Cyberspace Activities,"1,667","2,331",,"2,331","2,484",,"2,484"
3740F,"Operation and Maintenance, Air Force Reserve",F,04,Administration and service-wide activities,53,Servicewide Activities,080,042A,Administration,"88,840","82,732",,"82,732","98,418",,"98,418"
3740F,"Operation and Maintenance, Air Force Reserve",F,04,Administration and service-wide activities,53,Servicewide Activities,090,042J,Recruiting and Advertising,"9,266","10,855",,"10,855","10,618",,"10,618"
3740F,"Operation and Maintenance, Air Force Reserve",F,04,Administration and service-wide activities,53,Servicewide Activities,100,042K,Military Manpower and Pers Mgmt (ARPC),"15,441","17,188",,"17,188","14,951",,"14,951"
3740F,"Operation and Maintenance, Air Force Reserve",F,04,Administration and service-wide activities,53,Servicewide Activities,110,042L,Other Pers Support (Disability Comp),"5,251","6,304",,"6,304",,,
3740F,"Operation and Maintenance, Air Force Reserve",F,04,Administration and service-wide activities,53,Servicewide Activities,120,042M,Audiovisual,451,527,,527,521,,521
3840F,"Operation and Maintenance, Air National Guard",F,01,Operating Forces,01,Air Operations,010,011F,Aircraft Operations,"2,668,524","2,559,508",,"2,559,508","2,501,226",,"2,501,226"
3840F,"Operation and Maintenance, Air National Guard",F,01,Operating Forces,01,Air Operations,020,011G,Mission Support Operations,"684,852","654,385",,"654,385","627,680",,"627,680"
3840F,"Operation and Maintenance, Air National Guard",F,01,Operating Forces,01,Air Operations,030,011M,Depot Purchase Equipment Maintenance,"927,538","984,771",,"984,771","1,024,171","43,967","1,068,138"
3840F,"Operation and Maintenance, Air National Guard",F,01,Operating Forces,01,Air Operations,040,011R,"Facilities Sustainment, Restoration & Modernization","573,596","433,077","2,209","435,286","549,496","27,073","576,569"
3840F,"Operation and Maintenance, Air National Guard",F,01,Operating Forces,01,Air Operations,050,011W,Contractor Logistics Support and System Support,"1,153,925","1,334,383",,"1,334,383","1,258,081","79,654","1,337,735"
3840F,"Operation and Maintenance, Air National Guard",F,01,Operating Forces,01,Air Operations,060,011Z,Base Support,"1,178,108","1,094,310",,"1,094,310","1,110,875",,"1,110,875"
3840F,"Operation and Maintenance, Air National Guard",F,01,Operating Forces,1F,Air Operations,070,011V,Cyberspace Sustainment,"21,977","14,291",,"14,291","16,134",,"16,134"
3840F,"Operation and Maintenance, Air National Guard",F,01,Operating Forces,1G,Combat Related Operations,080,012D,Cyberspace Activities,"23,442","53,162",,"53,162","112,205",,"112,205"
3840F,"Operation and Maintenance, Air National Guard",F,04,Administration and Service-wide Activities,53,Servicewide Activities,090,042A,Administration,"59,466","71,454",,"71,454","82,280",,"82,280"
3840F,"Operation and Maintenance, Air National Guard",F,04,Administration and Service-wide Activities,53,Servicewide Activities,100,042J,Recruiting and Advertising,"48,625","49,745",,"49,745","50,451",,"50,451"
0810F,"Environmental Restoration, Air Force",F,03,Department of the Air Force,45,Closed Account Adjustments,070,042G,"Environmental Restoration, Air Force",,"330,524",,"330,524","342,149",,"342,149"
0100D,"Operation and Maintenance, Defense-Wide",TJS,01,Operating forces,1P,Defensewide Activities,010,1PL1,Joint Chiefs of Staff,"454,777","444,943",,"444,943","414,097",,"414,097"
0100D,"Operation and Maintenance, Defense-Wide",TJS,01,Operating forces,1P,Defensewide Activities,020,8PL1,Joint Chiefs of Staff - JTEEP,"682,598","669,508",,"669,508","1,026,502",,"1,026,502"
0100D,"Operation and Maintenance, Defense-Wide",TJS,01,Operating forces,1P,Defensewide Activities,030,8PL2,Joint Chiefs of Staff - CYBER,"8,195","8,991",,"8,991","9,086",,"9,086"
0100D,"Operation and Maintenance, Defense-Wide",OSD,01,Operating forces,4G,Defensewide Activities,040,1GTM,Office of the Secretary of Defense - MISO,"252,091","250,142",,"250,142","209,442","18,518","227,960"
0100D,"Operation and Maintenance, Defense-Wide",SOCOM,01,Operating forces,1P,Defensewide Activities,050,1PL6,Special Operations Command Combat Development Activities,"2,275,874","1,977,474",,"1,977,474","2,136,165","184,777","2,320,942"
0100D,"Operation and Maintenance, Defense-Wide",SOCOM,01,Operating forces,1P,Defensewide Activities,060,1PL7,Special Operations Command Maintenance,"1,250,964","1,224,492",,"1,224,492","1,273,409","55,210","1,328,619"
0100D,"Operation and Maintenance, Defense-Wide",SOCOM,01,Operating forces,1P,Defensewide Activities,070,1PLM,Special Operations Command Management/Operational Headquarters,"195,061","189,886",,"189,886","181,122",,"181,122"
0100D,"Operation and Maintenance, Defense-Wide",SOCOM,01,Operating forces,1P,Defensewide Activities,080,1PLR,Special Operations Command Theater Forces,"3,402,253","3,357,049",,"3,357,049","3,409,285","58,955","3,468,240"
0100D,"Operation and Maintenance, Defense-Wide",SOCOM,01,Operating forces,1P,Defensewide Activities,090,1PLS,Special Operations Command Cyberspace Activities,"49,689","50,649",,"50,649","77,241",,"77,241"
0100D,"Operation and Maintenance, Defense-Wide",SOCOM,01,Operating forces,1P,Defensewide Activities,100,1PLU,Special Operations Command Intelligence,"1,420,388","1,250,583",,"1,250,583","1,187,600",,"1,187,600"
0100D,"Operation and Maintenance, Defense-Wide",SOCOM,01,Operating forces,1P,Defensewide Activities,110,1PLV,Special Operations Command Operational Support,"1,496,239","1,435,667",,"1,435,667","1,579,137","175,803","1,754,940"
0100D,"Operation and Maintenance, Defense-Wide",CYBER,01,Operating forces,1P,Defensewide Activities,120,012D,Cyberspace Operations,"1,219,657","1,314,422",,"1,314,422","1,300,384","248,342","1,548,726"
0100D,"Operation and Maintenance, Defense-Wide",CYBER,01,Operating forces,1P,Defensewide Activities,130,015E,USCYBERCOM Headquarters,"285,718","315,096",,"315,096","314,284","11,613","325,897"
0100D,"Operation and Maintenance, Defense-Wide",DAU,03,Training and recruiting,3E,Defensewide Activities,140,3EV2,Defense Acquisition University,"182,769","182,418",,"182,418","173,265",,"173,265"
0100D,"Operation and Maintenance, Defense-Wide",TJS,03,Training and recruiting,33,"Recruiting, Other Training & Education",150,3PL1,Joint Chiefs of Staff,"116,867","128,622",,"128,622","124,869",,"124,869"
0100D,"Operation and Maintenance, Defense-Wide",SOCOM,03,Training and recruiting,3E,Defensewide Activities,160,3EV8,Special Operations Command/Professional Development Education,"33,816","31,452",,"31,452","28,697",,"28,697"
0100D,"Operation and Maintenance, Defense-Wide",CMP,04,Administration and service-wide activities,4G,Defensewide Activities,170,4GT3,Civil Military Programs,"280,804","280,786",,"280,786","126,637",,"126,637"
0100D,"Operation and Maintenance, Defense-Wide",DCAA,04,Administration and service-wide activities,4G,Defensewide Activities,180,4GDC,Defense Contract Audit Agency - CYBER,"4,012","4,904",,"4,904","3,844",,"3,844"
0100D,"Operation and Maintenance, Defense-Wide",DCAA,04,Administration and service-wide activities,4G,Defensewide Activities,190,4GT6,Defense Contract Audit Agency,"654,427","658,329",,"658,329","632,959",,"632,959"
0100D,"Operation and Maintenance, Defense-Wide",DCMA,04,Administration and service-wide activities,4G,Defensewide Activities,200,4GTO,Defense Contract Management Agency,"1,556,832","1,520,661",,"1,520,661","1,441,456",,"1,441,456"
0100D,"Operation and Maintenance, Defense-Wide",DCMA,04,Administration and service-wide activities,4G,Defensewide Activities,210,4GTP,Defense Contract Management Agency - CYBER,"29,203","42,069",,"42,069","43,434",,"43,434"
0100D,"Operation and Maintenance, Defense-Wide",DCSA,04,Administration and service-wide activities,4G,Defensewide Activities,220,4GTE,Defense Counterintelligence and Security Agency,"990,915","904,532",,"904,532","1,168,366",,"1,168,366"
0100D,"Operation and Maintenance, Defense-Wide",DCSA,04,Administration and service-wide activities,4G,Defensewide Activities,240,4GTG,Defense Counterintelligence and Security Agency - CYBER,"9,835","9,271",,"9,271","11,120",,"11,120"
0100D,"Operation and Maintenance, Defense-Wide",DHRA,04,Administration and service-wide activities,4G,Defensewide Activities,250,4GSE,Defense Human Resources Activity - CYBER,"37,384","39,004",,"39,004","46,621",,"46,621"
0100D,"Operation and Maintenance, Defense-Wide",DHRA,04,Administration and service-wide activities,4G,Defensewide Activities,260,4GT8,Defense Human Resources Activity,"1,060,194","1,042,610",,"1,042,610","932,144",,"932,144"
0100D,"Operation and Maintenance, Defense-Wide",DISA,04,Administration and service-wide activities,4G,Defensewide Activities,290,4GT9,Defense Information Systems Agency,"2,627,907","2,547,778",,"2,547,778","3,042,559",,"3,042,559"
0100D,"Operation and Maintenance, Defense-Wide",DISA,04,Administration and service-wide activities,4G,Defensewide Activities,300,4GU9,Defense Information Systems Agency - CYBER,"515,093","491,348",,"491,348","559,426",,"559,426"
0100D,"Operation and Maintenance, Defense-Wide",DLSA,04,Administration and service-wide activities,4G,Defensewide Activities,310,4GTA,Defense Legal Services Agency,"196,301","190,852",,"190,852","164,770",,"164,770"
0100D,"Operation and Maintenance, Defense-Wide",DLA,04,Administration and service-wide activities,4G,Defensewide Activities,320,4GTB,Defense Logistics Agency,"449,683","397,325",213,"397,538","401,513",,"401,513"
0100D,"Operation and Maintenance, Defense-Wide",DMACT,04,Administration and service-wide activities,4G,Defensewide Activities,330,ES18,Defense Media Activity,"243,974","241,361",,"241,361","226,665",,"226,665"
0100D,"Operation and Maintenance, Defense-Wide",DPAA,04,Administration and service-wide activities,4G,Defensewide Activities,340,4GTC,Defense POW/MIA Office,"185,159","185,857",,"185,857","171,339",,"171,339"
0100D,"Operation and Maintenance, Defense-Wide",DSCA,04,Administration and service-wide activities,4G,Defensewide Activities,350,4GTD,Defense Security Cooperation Agency,"9,875,664","2,714,760",,"2,714,760","2,864,252","850,000","3,714,252"
0100D,"Operation and Maintenance, Defense-Wide",DTSA,04,Administration and service-wide activities,4G,Defensewide Activities,360,4GTH,Defense Technology Security Administration,"41,857","41,909",,"41,909","40,052",,"40,052"
0100D,"Operation and Maintenance, Defense-Wide",DTRA,04,Administration and service-wide activities,4G,Defensewide Activities,370,4GTI,Defense Threat Reduction Agency,"938,404","841,176",,"841,176","708,214",,"708,214"
0100D,"Operation and Maintenance, Defense-Wide",DTRA,04,Administration and service-wide activities,4G,Defensewide Activities,390,4GTL,Defense Threat Reduction Agency - CYBER,"61,428","52,769",,"52,769","71,925",,"71,925"
0100D,"Operation and Maintenance, Defense-Wide",DODEA,04,Administration and service-wide activities,4G,Defensewide Activities,400,4GTJ,Department of Defense Education Activity,"3,535,269","3,543,005",,"3,543,005","3,600,175",,"3,600,175"
0100D,"Operation and Maintenance, Defense-Wide",MDA,04,Administration and service-wide activities,4G,Defensewide Activities,410,011A,Missile Defense Agency,"569,336","598,506",,"598,506","720,365",,"720,365"
0100D,"Operation and Maintenance, Defense-Wide",OLDCC,04,Administration and service-wide activities,4G,Defensewide Activities,420,4GTM,Office of the Local Defense Community Cooperation,"496,798","155,268",,"155,268","159,534",,"159,534"
0100D,"Operation and Maintenance, Defense-Wide",OSD,04,Administration and service-wide activities,4G,Defensewide Activities,460,4GTC,Office of the Secretary of Defense - CYBER,"90,990","101,537",,"101,537","98,034",,"98,034"
0100D,"Operation and Maintenance, Defense-Wide",OSD,04,Administration and service-wide activities,4G,Defensewide Activities,470,4GTN,Office of the Secretary of Defense,"2,692,989","2,841,025",,"2,841,025","2,093,717","430,490","2,524,207"
0100D,"Operation and Maintenance, Defense-Wide",DEFW,04,Administration and service-wide activities,1P,Defensewide Activities,480,NSSF,National Security Systems Fund,,,"913,440","913,440",,,
0100D,"Operation and Maintenance, Defense-Wide",DEFW,04,Administration and service-wide activities,1P,Defensewide Activities,490,REC1,Homeland Defense Initiatives,,,,,,"5,000,000","5,000,000"
0100D,"Operation and Maintenance, Defense-Wide",DEFW,04,Administration and service-wide activities,1P,Defensewide Activities,500,REC2,Munitions and Supply Chain Initiatives,,,,,,"250,000","250,000"
0100D,"Operation and Maintenance, Defense-Wide",DEFW,04,Administration and service-wide activities,1P,Defensewide Activities,510,S142,Section 1421 CENTCOM and EUCOM,,"8,000,000",,"8,000,000",,,
0100D,"Operation and Maintenance, Defense-Wide",DEFW,04,Administration and service-wide activities,1P,Defensewide Activities,520,S806,Section 8066 AFRICOM and SOUTHCOM,,"100,000",,"100,000",,,
0100D,"Operation and Maintenance, Defense-Wide",WHS,04,Administration and service-wide activities,4G,Defensewide Activities,530,4GTQ,Washington Headquarters Services,"415,061","471,736",,"471,736","411,182",,"411,182"
0100D,"Operation and Maintenance, Defense-Wide",,04,,,,999,9999,Classified Programs,"20,301,291","20,459,853",995,"20,460,848","22,750,830","114,740","22,865,570"
0107D,Office of the Inspector General,IG,01,Operation and maintenance,4G,Defensewide Activities,010,4GTV,Office of the Inspector General,"530,219","534,545",,"534,545","494,865",,"494,865"
0107D,Office of the Inspector General,IG,01,Operation and maintenance,4G,Defensewide Activities,020,4GXX,Office of the Inspector General - CYBER,"1,948","1,988",,"1,988","2,030",,"2,030"
0107D,Office of the Inspector General,IG,02,"Research, Development, Test, and Evaluation",4G,Defensewide Activities,030,4GTV,Office of the Inspector General,"3,400","1,900",,"1,900","4,625",,"4,625"
0107D,Office of the Inspector General,IG,03,Procurement,4G,Defensewide Activities,040,4GTV,Office of the Inspector General,"1,098","1,336",,"1,336","1,079",,"1,079"
0104D,United States Court of Appeals for the Armed Forces,CAAF,04,Administration and associated activities,4G,Defensewide Activities,010,4GTT,"Us Court of Appeals for the Armed Forces, Defense","16,619","21,035",,"21,035","21,243",,"21,243"
0105D,"Drug Interdiction and Counter-Drug Activities, Defense",DEPS,01,Drug interdiction and counter drug activities,10,"Drug Intrdct & Cntr-Drg Act, Def",010,1FU1,Counter-Narcotics Support,,"339,292",,"339,292","398,424",,"398,424"
0105D,"Drug Interdiction and Counter-Drug Activities, Defense",,01,,,,999,9999,Classified Programs,,"314,410",,"314,410","254,460",,"254,460"
0105D,"Drug Interdiction and Counter-Drug Activities, Defense",DEPSDDR,02,Drug demand reduction program,10,"Drug Intrdct & Cntr-Drg Act, Def",020,2FU1,Drug Demand Reduction Program,,"135,567",,"135,567","134,938",,"134,938"
0105D,"Drug Interdiction and Counter-Drug Activities, Defense",DEPS,03,National Guard Counter-Drug Program,10,"Drug Intrdct & Cntr-Drg Act, Def",030,3FU1,National Guard Counter-Drug Program,,"295,000",,"295,000","110,125",,"110,125"
0105D,"Drug Interdiction and Counter-Drug Activities, Defense",DEPS,04,National Guard Counter-Drug Schools,10,"Drug Intrdct & Cntr-Drg Act, Def",040,4FU1,National Guard Counter-Drug Schools,,"26,167",,"26,167","6,354",,"6,354"
0838D,"Support for International Sporting Competitions , Defense",DEFW,01,Operations Support,45,Closed Account Adjustments,100,054,"Support of International Sporting Competitions, Defense",957,,,,,,
0130D,Defense Health Program,DHA,01,Operation and maintenance,14,Defense Health Program,010,1,In-House Care,"10,003,759","10,238,751",,"10,238,751","10,731,135","700,000","11,431,135"
0130D,Defense Health Program,DHA,01,Operation and maintenance,14,Defense Health Program,020,2,Private Sector Care,"19,494,565","20,599,128",,"20,599,128","21,023,765",,"21,023,765"
0130D,Defense Health Program,DHA,01,Operation and maintenance,14,Defense Health Program,030,3,Consolidated Health Support,"1,738,307","1,971,828",,"1,971,828","2,116,278",,"2,116,278"
0130D,Defense Health Program,DHA,01,Operation and maintenance,14,Defense Health Program,040,4,Information Management,"2,329,851","2,454,204",,"2,454,204","2,271,798","100,000","2,371,798"
0130D,Defense Health Program,DHA,01,Operation and maintenance,14,Defense Health Program,050,5,Management Activities,"354,454","341,254",,"341,254","303,898",,"303,898"
0130D,Defense Health Program,DHA,01,Operation and maintenance,14,Defense Health Program,060,6,Education and Training,"355,782","356,611",,"356,611","371,426",,"371,426"
0130D,Defense Health Program,DHA,01,Operation and maintenance,14,Defense Health Program,070,7,Base Operations/Communications,"2,122,228","2,298,159","17,362","2,315,521","2,356,290","1,200,000","3,556,290"
0130D,Defense Health Program,DHA,02,"Research, Development, Test, and Evaluation",4G,Defensewide Activities,080,0601,R&D Research,"49,158","41,476",,"41,476","41,660",,"41,660"
0130D,Defense Health Program,DHA,02,"Research, Development, Test, and Evaluation",4G,Defensewide Activities,090,0602,R&D Exploratry Development,"262,771","188,564",,"188,564","183,398",,"183,398"
0130D,Defense Health Program,DHA,02,"Research, Development, Test, and Evaluation",4G,Defensewide Activities,100,0603,R&D Advanced Development,"2,068,082","1,031,825",,"1,031,825","333,072",,"333,072"
0130D,Defense Health Program,DHA,02,"Research, Development, Test, and Evaluation",4G,Defensewide Activities,110,0604,R&D Demonstration/Validation,"219,476","195,518",,"195,518","178,983",,"178,983"
0130D,Defense Health Program,DHA,02,"Research, Development, Test, and Evaluation",4G,Defensewide Activities,120,0605,R&D Engineering Development,"198,588","130,931",,"130,931","117,190",,"117,190"
0130D,Defense Health Program,DHA,02,"Research, Development, Test, and Evaluation",4G,Defensewide Activities,130,0606,R&D Management and Support,"87,096","88,425",,"88,425","99,338",,"99,338"
0130D,Defense Health Program,DHA,02,"Research, Development, Test, and Evaluation",4G,Defensewide Activities,140,0607,R&D Capabilities Enhancement,"17,700","18,697",,"18,697","19,071",,"19,071"
0130D,Defense Health Program,DHA,03,Procurement,4G,Defensewide Activities,150,7720,PROC Initial Outfitting,"22,344","23,449",,"23,449","24,597",,"24,597"
0130D,Defense Health Program,DHA,03,Procurement,4G,Defensewide Activities,160,7721,PROC Replacement & Modernization,"238,435","243,184",,"243,184","222,445",,"222,445"
0130D,Defense Health Program,DHA,03,Procurement,4G,Defensewide Activities,170,7746,PROC Joint Operational Medicine Information System,"29,537","30,129",,"30,129","30,732",,"30,732"
0130D,Defense Health Program,DHA,03,Procurement,4G,Defensewide Activities,180,7759,PROC Military Health System - Desktop to Datacenter,"74,055","75,536",,"75,536","77,047",,"77,047"
0130D,Defense Health Program,DHA,03,Procurement,4G,Defensewide Activities,190,7787,PROC DoD Healthcare Management System Modernization,"17,510","26,569",,"26,569",,,
0810D,"Environmental Restoration, Defense",DEFW,04,Defense-wide,45,Closed Account Adjustments,080,045G,"Environmental Restoration, Defense",,"9,480",,"9,480","8,885",,"8,885"
0811D,"Environmental Restoration, Formerly Used Defense Sites",DEFW,05,DEFENSE-WIDE,45,Closed Account Adjustments,090,047G,Environmental Restoration Formerly Used Sites,,"236,475",,"236,475","235,156",,"235,156"
0819D,"Overseas Humanitarian, Disaster, and Civic Aid",DSCA,01,Humanitarian assistance,4G,Defensewide Activities,010,4GTD,"Overseas Humanitarian, Disaster and Civic Aid","225,750","115,335",,"115,335","100,793",,"100,793"
0134D,Cooperative Threat Reduction Account,DTRA,01,FSU Threat Reduction,1P,Defensewide Activities,010,1PL3,Cooperative Threat Reduction,"350,999","296,076",,"296,076","282,830",,"282,830"
0111D,Department of Defense Acquisition Workforce Development Fund,DAU,01,Acquisition workforce development,1Q,Acq Workforce Dev Fd,010,012,Acq Workforce Dev Fd,"64,763","56,176",,"56,176","45,346",,"45,346"
0833D,"Emergency Response Fund, Defense",DEFW,01,Increased Situational Awareness,45,Closed Account Adjustments,110,4GTF,Increase Situational Awareness,-224,,,,,,
0833D,"Emergency Response Fund, Defense",DEFW,02,Enhanced Force Protection,45,Closed Account Adjustments,120,4GTF,Enhanced Force Protection,"-7,140",,,,,,
0833D,"Emergency Response Fund, Defense",DEFW,03,Improved Command and Control,45,Closed Account Adjustments,130,4GTF,Improved Command and Control,-140,,,,,,
0833D,"Emergency Response Fund, Defense",DEFW,04,Increased Worldwide Posture,45,Closed Account Adjustments,140,4GTF,Increase Worldwide Posture,"7,292",,,,,,
0833D,"Emergency Response Fund, Defense",DEFW,07,Initial Crisis Response,45,Closed Account Adjustments,150,4GTF,Initial Crisis Response,-798,,,,,,
0833D,"Emergency Response Fund, Defense",DEFW,08,Pentagon Repair/Upgrade,45,Closed Account Adjustments,160,4GTF,Pentagon Repair/Upgrade,-518,,,,,,
0833D,"Emergency Response Fund, Defense",DEFW,09,Other Requirements,45,Closed Account Adjustments,170,4GTF,Other Requirements,"3,052",,,,,,
,,,,,,,,,,,,,,,,
